annotation_id,paper_group,exclusion_reasons
phase_annotation_0bfe1b650bd9d8cce12b,doi:10.1016/j.jmst.2021.07.016,invalid_or_unresolved_phase_label;invalid_or_unresolved_phase_scope;missing_annotator;not_adjudicated;not_primary_experiment;review_sample_conditions_must_be_json_object
phase_annotation_1525aa051c7d17e76aa3,doi:10.1007/s11432-025-4432-x,invalid_or_unresolved_phase_label;invalid_or_unresolved_phase_scope;missing_annotator;not_adjudicated;not_primary_experiment;review_sample_conditions_must_be_json_object
phase_annotation_1d1c30de5eecbfffeed7,doi:10.1039/d5lf00360a,invalid_or_unresolved_phase_label;invalid_or_unresolved_phase_scope;missing_annotator;not_adjudicated;not_primary_experiment;review_sample_conditions_must_be_json_object
phase_annotation_23a2eec89d6f5ca981ec,doi:10.1002/aelm.202300879,invalid_or_unresolved_phase_label;invalid_or_unresolved_phase_scope;missing_annotator;not_adjudicated;not_primary_experiment;review_sample_conditions_must_be_json_object
phase_annotation_3b2773f14bb944bda316,doi:10.1016/j.apsusc.2022.153905,invalid_or_unresolved_phase_label;invalid_or_unresolved_phase_scope;missing_annotator;not_adjudicated;not_primary_experiment;review_sample_conditions_must_be_json_object
phase_annotation_3f4b1d697611477358e2,doi:10.1063/5.0029691,invalid_or_unresolved_phase_label;invalid_or_unresolved_phase_scope;missing_annotator;not_adjudicated;not_primary_experiment;review_sample_conditions_must_be_json_object
phase_annotation_55d2ea696faa8743b2da,doi:10.1038/s41598-024-80523-x,invalid_or_unresolved_phase_label;invalid_or_unresolved_phase_scope;missing_annotator;not_adjudicated;not_primary_experiment;review_sample_conditions_must_be_json_object
phase_annotation_5d6d1ff6afbee56a10c7,doi:10.26599/nr.2026.94908815,invalid_or_unresolved_phase_label;invalid_or_unresolved_phase_scope;missing_annotator;not_adjudicated;not_primary_experiment;review_sample_conditions_must_be_json_object
phase_annotation_5e444f44a092833fdaf5,paper:paper_a69d8a2fb11a4911,invalid_or_unresolved_phase_label;invalid_or_unresolved_phase_scope;missing_annotator;not_adjudicated;not_primary_experiment;review_sample_conditions_must_be_json_object
phase_annotation_68853ebbb0ed1135145e,doi:10.1002/adfm.202314396,invalid_or_unresolved_phase_label;invalid_or_unresolved_phase_scope;missing_annotator;not_adjudicated;not_primary_experiment;review_sample_conditions_must_be_json_object
phase_annotation_7532015bc2d5074a9d25,doi:10.1038/s41467-026-72969-6,invalid_or_unresolved_phase_label;invalid_or_unresolved_phase_scope;missing_annotator;not_adjudicated;not_primary_experiment;review_sample_conditions_must_be_json_object
phase_annotation_837d174367096506f05f,doi:10.26599/nr.2026.94908815,invalid_or_unresolved_phase_label;invalid_or_unresolved_phase_scope;missing_annotator;not_adjudicated;not_primary_experiment;review_sample_conditions_must_be_json_object
phase_annotation_9503fe085cd7ab02c9fa,doi:10.1016/j.nanoen.2025.111011,invalid_or_unresolved_phase_label;invalid_or_unresolved_phase_scope;missing_annotator;not_adjudicated;not_primary_experiment;review_sample_conditions_must_be_json_object
phase_annotation_9eb75125a838344fbced,paper:paper_8556e4f9ecd2d028,invalid_or_unresolved_phase_label;invalid_or_unresolved_phase_scope;missing_annotator;not_adjudicated;not_primary_experiment;review_sample_conditions_must_be_json_object
phase_annotation_9ff9c8c50f51fe9e857e,doi:10.1002/adfm.202314396,invalid_or_unresolved_phase_label;invalid_or_unresolved_phase_scope;missing_annotator;not_adjudicated;not_primary_experiment;review_sample_conditions_must_be_json_object
phase_annotation_b8f339f956a772b9c72f,doi:10.1088/1361-6528/ac4679,invalid_or_unresolved_phase_label;invalid_or_unresolved_phase_scope;missing_annotator;not_adjudicated;not_primary_experiment;review_sample_conditions_must_be_json_object
phase_annotation_d2f0fb6f3fca8c4c78e9,doi:10.1039/d5mh00397k,invalid_or_unresolved_phase_label;invalid_or_unresolved_phase_scope;missing_annotator;not_adjudicated;not_primary_experiment;review_sample_conditions_must_be_json_object
phase_annotation_e40e17c2b7a7d749251b,doi:10.1063/1.5124402,invalid_or_unresolved_phase_label;invalid_or_unresolved_phase_scope;missing_annotator;not_adjudicated;not_primary_experiment;review_sample_conditions_must_be_json_object
phase_annotation_e662557752b9da01f52e,paper:paper_bd889adcf9e1a14d,invalid_or_unresolved_phase_label;invalid_or_unresolved_phase_scope;missing_annotator;not_adjudicated;not_primary_experiment;review_sample_conditions_must_be_json_object
phase_annotation_010acffbeb5763cf9d5f,doi:10.1002/aelm.202200601,invalid_or_unresolved_phase_label;invalid_or_unresolved_phase_scope;missing_annotator;not_adjudicated;not_primary_experiment;review_sample_conditions_must_be_json_object
phase_annotation_045623bada7ff31650f6,doi:10.1038/s41524-026-02046-5,invalid_or_unresolved_phase_label;invalid_or_unresolved_phase_scope;missing_annotator;not_adjudicated;not_primary_experiment;review_sample_conditions_must_be_json_object
phase_annotation_0cc53c3f1af75fdba6be,paper:paper_cf38024b62296363,invalid_or_unresolved_phase_label;invalid_or_unresolved_phase_scope;missing_annotator;not_adjudicated;not_primary_experiment;review_sample_conditions_must_be_json_object
phase_annotation_102f5fc6f754437eef87,doi:10.1021/acsami.1c16873,invalid_or_unresolved_phase_label;invalid_or_unresolved_phase_scope;missing_annotator;not_adjudicated;not_primary_experiment;review_sample_conditions_must_be_json_object
phase_annotation_1900ea0bee85ee937aca,doi:10.1021/acsaelm.1c00110,invalid_or_unresolved_phase_label;invalid_or_unresolved_phase_scope;missing_annotator;not_adjudicated;not_primary_experiment;review_sample_conditions_must_be_json_object
phase_annotation_1e92091cc313d6dc2876,doi:10.1039/d0nr00933d,invalid_or_unresolved_phase_label;invalid_or_unresolved_phase_scope;missing_annotator;not_adjudicated;not_primary_experiment;review_sample_conditions_must_be_json_object
phase_annotation_2c04f55d4231b9647634,paper:paper_1fa60ea6f0cadae2,invalid_or_unresolved_phase_label;invalid_or_unresolved_phase_scope;missing_annotator;not_adjudicated;not_primary_experiment;review_sample_conditions_must_be_json_object
phase_annotation_38bfd61ce17b5ea0d73a,doi:10.1038/s41586-022-04425-6,invalid_or_unresolved_phase_label;invalid_or_unresolved_phase_scope;missing_annotator;not_adjudicated;not_primary_experiment;review_sample_conditions_must_be_json_object
phase_annotation_45009b3361e61016709c,doi:10.3390/mi17010108,invalid_or_unresolved_phase_label;invalid_or_unresolved_phase_scope;missing_annotator;not_adjudicated;not_primary_experiment;review_sample_conditions_must_be_json_object
phase_annotation_47a15147418a3f255296,doi:10.1039/d1nr01535d,invalid_or_unresolved_phase_label;invalid_or_unresolved_phase_scope;missing_annotator;not_adjudicated;not_primary_experiment;review_sample_conditions_must_be_json_object
phase_annotation_4a847e0a666dbf299daf,doi:10.1038/s41563-018-0196-0,invalid_or_unresolved_phase_label;invalid_or_unresolved_phase_scope;missing_annotator;not_adjudicated;not_primary_experiment;review_sample_conditions_must_be_json_object
phase_annotation_563ff1213febabf0e1e4,doi:10.1038/s41928-025-01398-y,invalid_or_unresolved_phase_label;invalid_or_unresolved_phase_scope;missing_annotator;not_adjudicated;not_primary_experiment;review_sample_conditions_must_be_json_object
phase_annotation_64c6f83a2d1ea08bcb5f,doi:10.1002/adfm.202314396,invalid_or_unresolved_phase_label;invalid_or_unresolved_phase_scope;missing_annotator;not_adjudicated;not_primary_experiment;review_sample_conditions_must_be_json_object
phase_annotation_69dddc28ee89a064af3f,doi:10.1002/aelm.202200601,invalid_or_unresolved_phase_label;invalid_or_unresolved_phase_scope;missing_annotator;not_adjudicated;not_primary_experiment;review_sample_conditions_must_be_json_object
phase_annotation_71f8fc892f61cebe9592,doi:10.1002/aelm.202300798,invalid_or_unresolved_phase_label;invalid_or_unresolved_phase_scope;missing_annotator;not_adjudicated;not_primary_experiment;review_sample_conditions_must_be_json_object
phase_annotation_762b99414e836feb49c8,paper:paper_1fa60ea6f0cadae2,invalid_or_unresolved_phase_label;invalid_or_unresolved_phase_scope;missing_annotator;not_adjudicated;not_primary_experiment;review_sample_conditions_must_be_json_object
phase_annotation_7fad1a02b3d24a77397d,paper:paper_1fa60ea6f0cadae2,invalid_or_unresolved_phase_label;invalid_or_unresolved_phase_scope;missing_annotator;not_adjudicated;not_primary_experiment;review_sample_conditions_must_be_json_object
phase_annotation_7fc89821e0edc972d792,doi:10.1038/s41524-026-02046-5,invalid_or_unresolved_phase_label;invalid_or_unresolved_phase_scope;missing_annotator;not_adjudicated;not_primary_experiment;review_sample_conditions_must_be_json_object
phase_annotation_8e4ec2e99192a70995d4,doi:10.26599/nr.2026.94908581,invalid_or_unresolved_phase_label;invalid_or_unresolved_phase_scope;missing_annotator;not_adjudicated;not_primary_experiment;review_sample_conditions_must_be_json_object
phase_annotation_8faaccd8fda67e5ffa26,doi:10.1039/d2tc04182k,invalid_or_unresolved_phase_label;invalid_or_unresolved_phase_scope;missing_annotator;not_adjudicated;not_primary_experiment;review_sample_conditions_must_be_json_object
phase_annotation_92b9acf8661dca64e27a,paper:paper_1fa60ea6f0cadae2,invalid_or_unresolved_phase_label;invalid_or_unresolved_phase_scope;missing_annotator;not_adjudicated;not_primary_experiment;review_sample_conditions_must_be_json_object
phase_annotation_a08341984ac0dadd473a,doi:10.1021/acsaelm.1c00110,invalid_or_unresolved_phase_label;invalid_or_unresolved_phase_scope;missing_annotator;not_adjudicated;not_primary_experiment;review_sample_conditions_must_be_json_object
phase_annotation_a50ff19de1a5abf5e4c7,doi:10.1002/adma.201404531,invalid_or_unresolved_phase_label;invalid_or_unresolved_phase_scope;missing_annotator;not_adjudicated;not_primary_experiment;review_sample_conditions_must_be_json_object
phase_annotation_a587033be104fba684c2,doi:10.1016/j.sse.2025.109255,invalid_or_unresolved_phase_label;invalid_or_unresolved_phase_scope;missing_annotator;not_adjudicated;not_primary_experiment;review_sample_conditions_must_be_json_object
phase_annotation_aa3afbdfcdf2a9bdefe5,paper:paper_0380087a65854362,invalid_or_unresolved_phase_label;invalid_or_unresolved_phase_scope;missing_annotator;not_adjudicated;not_primary_experiment;review_sample_conditions_must_be_json_object
phase_annotation_b9e108e8f53e709fa399,doi:10.26599/nr.2026.94908581,invalid_or_unresolved_phase_label;invalid_or_unresolved_phase_scope;missing_annotator;not_adjudicated;not_primary_experiment;review_sample_conditions_must_be_json_object
phase_annotation_c348e7164425e5189272,doi:10.1021/acsaelm.1c00110,invalid_or_unresolved_phase_label;invalid_or_unresolved_phase_scope;missing_annotator;not_adjudicated;not_primary_experiment;review_sample_conditions_must_be_json_object
phase_annotation_e74480eee594cd9527b4,paper:paper_bd889adcf9e1a14d,invalid_or_unresolved_phase_label;invalid_or_unresolved_phase_scope;missing_annotator;not_adjudicated;not_primary_experiment;review_sample_conditions_must_be_json_object
phase_annotation_f0db9da8ce34260ccc0a,paper:paper_9a76a71a497dddcb,invalid_or_unresolved_phase_label;invalid_or_unresolved_phase_scope;missing_annotator;not_adjudicated;not_primary_experiment;review_sample_conditions_must_be_json_object
phase_annotation_f4937d76b7e8b9c70bef,doi:10.1002/aelm.202300879,invalid_or_unresolved_phase_label;invalid_or_unresolved_phase_scope;missing_annotator;not_adjudicated;not_primary_experiment;review_sample_conditions_must_be_json_object
phase_annotation_fd7b8dbbbfe36a2cddb4,doi:10.1016/j.apsusc.2022.153905,invalid_or_unresolved_phase_label;invalid_or_unresolved_phase_scope;missing_annotator;not_adjudicated;not_primary_experiment;review_sample_conditions_must_be_json_object
phase_annotation_ce97bff38c279fb95d43,doi:10.1002/aelm.202500402,invalid_or_unresolved_phase_label;invalid_or_unresolved_phase_scope;missing_annotator;not_adjudicated;not_primary_experiment;review_sample_conditions_must_be_json_object
phase_annotation_010f1162ec6c0bfa5e23,paper:paper_ab6df5724ace840f,invalid_or_unresolved_phase_label;invalid_or_unresolved_phase_scope;missing_annotator;not_adjudicated;not_primary_experiment;review_sample_conditions_must_be_json_object
phase_annotation_0152dd1ead532ecd3aa0,doi:10.1002/aelm.202300522,invalid_or_unresolved_phase_label;invalid_or_unresolved_phase_scope;missing_annotator;not_adjudicated;not_primary_experiment;review_sample_conditions_must_be_json_object
phase_annotation_01fb74ead58e1c15d41c,doi:10.1002/adfm.202314396,invalid_or_unresolved_phase_label;invalid_or_unresolved_phase_scope;missing_annotator;not_adjudicated;not_primary_experiment;review_sample_conditions_must_be_json_object
phase_annotation_036fb1ec7aa9c5479371,doi:10.1038/s41586-024-07365-5,invalid_or_unresolved_phase_label;invalid_or_unresolved_phase_scope;missing_annotator;not_adjudicated;not_primary_experiment;review_sample_conditions_must_be_json_object
phase_annotation_0591003d783638a6dfdc,doi:10.1002/advs.202501367,invalid_or_unresolved_phase_label;invalid_or_unresolved_phase_scope;missing_annotator;not_adjudicated;not_primary_experiment;review_sample_conditions_must_be_json_object
phase_annotation_062f84f9b38be6ae1d1d,doi:10.1039/d2tc04182k,invalid_or_unresolved_phase_label;invalid_or_unresolved_phase_scope;missing_annotator;not_adjudicated;not_primary_experiment;review_sample_conditions_must_be_json_object
phase_annotation_0730684f1edac40a898b,doi:10.1002/adfm.74667,invalid_or_unresolved_phase_label;invalid_or_unresolved_phase_scope;missing_annotator;not_adjudicated;not_primary_experiment;review_sample_conditions_must_be_json_object
phase_annotation_080d26271c2d7019f2a8,doi:10.1021/acsnano.2c04841,invalid_or_unresolved_phase_label;invalid_or_unresolved_phase_scope;missing_annotator;not_adjudicated;not_primary_experiment;review_sample_conditions_must_be_json_object
phase_annotation_08e2311a4a175e0f8848,doi:10.1021/acsaelm.9b00256,invalid_or_unresolved_phase_label;invalid_or_unresolved_phase_scope;missing_annotator;not_adjudicated;not_primary_experiment;review_sample_conditions_must_be_json_object
phase_annotation_098c03efae5768f24afa,doi:10.1038/s41699-021-00229-w,invalid_or_unresolved_phase_label;invalid_or_unresolved_phase_scope;missing_annotator;not_adjudicated;not_primary_experiment;review_sample_conditions_must_be_json_object
phase_annotation_0b622490ed0de9666163,doi:10.1021/acsaelm.3c01856,invalid_or_unresolved_phase_label;invalid_or_unresolved_phase_scope;missing_annotator;not_adjudicated;not_primary_experiment;review_sample_conditions_must_be_json_object
phase_annotation_0c277973ce474b401c9d,paper:paper_31a1ff61592cbd39,invalid_or_unresolved_phase_label;invalid_or_unresolved_phase_scope;missing_annotator;not_adjudicated;not_primary_experiment;review_sample_conditions_must_be_json_object
phase_annotation_0e97610d95929f26b1f8,paper:paper_9a76a71a497dddcb,invalid_or_unresolved_phase_label;invalid_or_unresolved_phase_scope;missing_annotator;not_adjudicated;not_primary_experiment;review_sample_conditions_must_be_json_object
phase_annotation_106c4c751ca838873a32,paper:paper_00a3064577ad9c30,invalid_or_unresolved_phase_label;invalid_or_unresolved_phase_scope;missing_annotator;not_adjudicated;not_primary_experiment;review_sample_conditions_must_be_json_object
phase_annotation_11dd77425d4c8f805b1b,doi:10.1021/acsnano.5c16255,invalid_or_unresolved_phase_label;invalid_or_unresolved_phase_scope;missing_annotator;not_adjudicated;not_primary_experiment;review_sample_conditions_must_be_json_object
phase_annotation_12eb642ddd817f051473,doi:10.1016/j.tsf.2012.11.125,invalid_or_unresolved_phase_label;invalid_or_unresolved_phase_scope;missing_annotator;not_adjudicated;not_primary_experiment;review_sample_conditions_must_be_json_object
phase_annotation_13ab07fd63a13b30b251,doi:10.1002/pssr.202000598,invalid_or_unresolved_phase_label;invalid_or_unresolved_phase_scope;missing_annotator;not_adjudicated;not_primary_experiment;review_sample_conditions_must_be_json_object
phase_annotation_176566c9f8810ff502f8,doi:10.1038/s43246-023-00421-z,invalid_or_unresolved_phase_label;invalid_or_unresolved_phase_scope;missing_annotator;not_adjudicated;not_primary_experiment;review_sample_conditions_must_be_json_object
phase_annotation_184aeafe2f646bb53831,paper:paper_4b4dee9010fe8dfc,invalid_or_unresolved_phase_label;invalid_or_unresolved_phase_scope;missing_annotator;not_adjudicated;not_primary_experiment;review_sample_conditions_must_be_json_object
phase_annotation_18bbb6b663b102e9531a,doi:10.1063/5.0029635,invalid_or_unresolved_phase_label;invalid_or_unresolved_phase_scope;missing_annotator;not_adjudicated;not_primary_experiment;review_sample_conditions_must_be_json_object
phase_annotation_19b64f3cb07350294f6c,doi:10.1021/acsaelm.3c01856,invalid_or_unresolved_phase_label;invalid_or_unresolved_phase_scope;missing_annotator;not_adjudicated;not_primary_experiment;review_sample_conditions_must_be_json_object
phase_annotation_1a390cacdb0517821a07,doi:10.1063/5.0297535,invalid_or_unresolved_phase_label;invalid_or_unresolved_phase_scope;missing_annotator;not_adjudicated;not_primary_experiment;review_sample_conditions_must_be_json_object
phase_annotation_1e2c4ab94f299b43d4e1,paper:paper_e47f6661c9bb4ce9,invalid_or_unresolved_phase_label;invalid_or_unresolved_phase_scope;missing_annotator;not_adjudicated;not_primary_experiment;review_sample_conditions_must_be_json_object
phase_annotation_1edc525de282e2dd254f,doi:10.1038/s41928-025-01454-7,invalid_or_unresolved_phase_label;invalid_or_unresolved_phase_scope;missing_annotator;not_adjudicated;not_primary_experiment;review_sample_conditions_must_be_json_object
phase_annotation_1f9e65dd7a104ee86dd4,doi:10.1109/jeds.2019.2942381,invalid_or_unresolved_phase_label;invalid_or_unresolved_phase_scope;missing_annotator;not_adjudicated;not_primary_experiment;review_sample_conditions_must_be_json_object
phase_annotation_22c8be7d88be5d977b32,paper:paper_86c4e94e51580e63,invalid_or_unresolved_phase_label;invalid_or_unresolved_phase_scope;missing_annotator;not_adjudicated;not_primary_experiment;review_sample_conditions_must_be_json_object
phase_annotation_232871c72e4b053c2dcf,doi:10.1063/5.0142789,invalid_or_unresolved_phase_label;invalid_or_unresolved_phase_scope;missing_annotator;not_adjudicated;not_primary_experiment;review_sample_conditions_must_be_json_object
phase_annotation_23bbc4c9948518185830,doi:10.34133/research.0093,invalid_or_unresolved_phase_label;invalid_or_unresolved_phase_scope;missing_annotator;not_adjudicated;not_primary_experiment;review_sample_conditions_must_be_json_object
phase_annotation_24a503802b4bc62146f5,doi:10.1038/s41524-025-01865-2,invalid_or_unresolved_phase_label;invalid_or_unresolved_phase_scope;missing_annotator;not_adjudicated;not_primary_experiment;review_sample_conditions_must_be_json_object
phase_annotation_253b3e732c5a3b800b81,doi:10.1038/s41467-025-62610-3,invalid_or_unresolved_phase_label;invalid_or_unresolved_phase_scope;missing_annotator;not_adjudicated;not_primary_experiment;review_sample_conditions_must_be_json_object
phase_annotation_25e2e693d8ace5053fc2,doi:10.1038/s41467-025-59018-4,invalid_or_unresolved_phase_label;invalid_or_unresolved_phase_scope;missing_annotator;not_adjudicated;not_primary_experiment;review_sample_conditions_must_be_json_object
phase_annotation_2a93420199e6e57fe993,paper:paper_e6b048e59f4f5d14,invalid_or_unresolved_phase_label;invalid_or_unresolved_phase_scope;missing_annotator;not_adjudicated;not_primary_experiment;review_sample_conditions_must_be_json_object
phase_annotation_2afc2e5703f06b179579,doi:10.20944/preprints202306.1740.v1,invalid_or_unresolved_phase_label;invalid_or_unresolved_phase_scope;missing_annotator;not_adjudicated;not_primary_experiment;review_sample_conditions_must_be_json_object
phase_annotation_2d62c2997954e19e2514,paper:paper_b689ad3b3519bcc8,invalid_or_unresolved_phase_label;invalid_or_unresolved_phase_scope;missing_annotator;not_adjudicated;not_primary_experiment;review_sample_conditions_must_be_json_object
phase_annotation_341caea39217c201eda0,doi:10.1002/advs.202517314,invalid_or_unresolved_phase_label;invalid_or_unresolved_phase_scope;missing_annotator;not_adjudicated;not_primary_experiment;review_sample_conditions_must_be_json_object
phase_annotation_347e84c4c2b2ded997cd,doi:10.1038/s41467-025-63907-z,invalid_or_unresolved_phase_label;invalid_or_unresolved_phase_scope;missing_annotator;not_adjudicated;not_primary_experiment;review_sample_conditions_must_be_json_object
phase_annotation_35f3231f7155d45b7ff4,doi:10.1063/5.0214909,invalid_or_unresolved_phase_label;invalid_or_unresolved_phase_scope;missing_annotator;not_adjudicated;not_primary_experiment;review_sample_conditions_must_be_json_object
phase_annotation_372cd44e9c705988e7b8,doi:10.1002/aelm.202100499,invalid_or_unresolved_phase_label;invalid_or_unresolved_phase_scope;missing_annotator;not_adjudicated;not_primary_experiment;review_sample_conditions_must_be_json_object
phase_annotation_393e9f8fb6c3d08df4ba,doi:10.1002/aelm.202300016,invalid_or_unresolved_phase_label;invalid_or_unresolved_phase_scope;missing_annotator;not_adjudicated;not_primary_experiment;review_sample_conditions_must_be_json_object
phase_annotation_39b5f086d085a290aaf5,doi:10.1038/s41467-026-69634-3,invalid_or_unresolved_phase_label;invalid_or_unresolved_phase_scope;missing_annotator;not_adjudicated;not_primary_experiment;review_sample_conditions_must_be_json_object
phase_annotation_3acaea2e480d0cda61e9,paper:paper_bd889adcf9e1a14d,invalid_or_unresolved_phase_label;invalid_or_unresolved_phase_scope;missing_annotator;not_adjudicated;not_primary_experiment;review_sample_conditions_must_be_json_object
phase_annotation_3d30f19b167e354ddfa3,paper:paper_2cb7a8a948275d36,invalid_or_unresolved_phase_label;invalid_or_unresolved_phase_scope;missing_annotator;not_adjudicated;not_primary_experiment;review_sample_conditions_must_be_json_object
phase_annotation_3f068042c1569828f1fe,doi:10.26599/nr.2026.94908815,invalid_or_unresolved_phase_label;invalid_or_unresolved_phase_scope;missing_annotator;not_adjudicated;not_primary_experiment;review_sample_conditions_must_be_json_object
phase_annotation_3ffbfb2798e6ca866cb8,paper:paper_c5240b0067c46ee6,invalid_or_unresolved_phase_label;invalid_or_unresolved_phase_scope;missing_annotator;not_adjudicated;not_primary_experiment;review_sample_conditions_must_be_json_object
phase_annotation_43dde614f04ca734b613,doi:10.1039/d5lf00360a,invalid_or_unresolved_phase_label;invalid_or_unresolved_phase_scope;missing_annotator;not_adjudicated;not_primary_experiment;review_sample_conditions_must_be_json_object
phase_annotation_43f232602e367ed4f3db,doi:10.1038/s41586-024-07365-5,invalid_or_unresolved_phase_label;invalid_or_unresolved_phase_scope;missing_annotator;not_adjudicated;not_primary_experiment;review_sample_conditions_must_be_json_object
phase_annotation_45603ad24914346f3f3a,doi:10.1038/s41467-022-28236-5,invalid_or_unresolved_phase_label;invalid_or_unresolved_phase_scope;missing_annotator;not_adjudicated;not_primary_experiment;review_sample_conditions_must_be_json_object
phase_annotation_4575ef3050c074a8f2c1,doi:10.1002/adfm.74667,invalid_or_unresolved_phase_label;invalid_or_unresolved_phase_scope;missing_annotator;not_adjudicated;not_primary_experiment;review_sample_conditions_must_be_json_object
phase_annotation_472a0ce7f088bd78b8a9,paper:paper_f70fb7ff678b45cf,invalid_or_unresolved_phase_label;invalid_or_unresolved_phase_scope;missing_annotator;not_adjudicated;not_primary_experiment;review_sample_conditions_must_be_json_object
phase_annotation_47f0ae46ed7079c8961f,doi:10.1021/acsnano.5c16255,invalid_or_unresolved_phase_label;invalid_or_unresolved_phase_scope;missing_annotator;not_adjudicated;not_primary_experiment;review_sample_conditions_must_be_json_object
phase_annotation_48bff550c4cf4ffe40de,doi:10.1038/s41467-025-59519-2,invalid_or_unresolved_phase_label;invalid_or_unresolved_phase_scope;missing_annotator;not_adjudicated;not_primary_experiment;review_sample_conditions_must_be_json_object
phase_annotation_4916c288073015b55296,paper:paper_bdb35ae2eea26194,invalid_or_unresolved_phase_label;invalid_or_unresolved_phase_scope;missing_annotator;not_adjudicated;not_primary_experiment;review_sample_conditions_must_be_json_object
phase_annotation_49d17eecb540dbde8d41,doi:10.1063/5.0165072,invalid_or_unresolved_phase_label;invalid_or_unresolved_phase_scope;missing_annotator;not_adjudicated;not_primary_experiment;review_sample_conditions_must_be_json_object
phase_annotation_4d886dfbddc50dae08a6,doi:10.1038/s41467-025-67575-x,invalid_or_unresolved_phase_label;invalid_or_unresolved_phase_scope;missing_annotator;not_adjudicated;not_primary_experiment;review_sample_conditions_must_be_json_object
phase_annotation_508734a4d298b012df79,doi:10.1002/adfm.74667,invalid_or_unresolved_phase_label;invalid_or_unresolved_phase_scope;missing_annotator;not_adjudicated;not_primary_experiment;review_sample_conditions_must_be_json_object
phase_annotation_541d694431364e81f8b4,paper:paper_00a3064577ad9c30,invalid_or_unresolved_phase_label;invalid_or_unresolved_phase_scope;missing_annotator;not_adjudicated;not_primary_experiment;review_sample_conditions_must_be_json_object
phase_annotation_54fdd641e74cf3eda46d,doi:10.1039/d5lf00360a,invalid_or_unresolved_phase_label;invalid_or_unresolved_phase_scope;missing_annotator;not_adjudicated;not_primary_experiment;review_sample_conditions_must_be_json_object
phase_annotation_55295091126999e1a1a8,paper:paper_01c3f90f2ea93ee9,invalid_or_unresolved_phase_label;invalid_or_unresolved_phase_scope;missing_annotator;not_adjudicated;not_primary_experiment;review_sample_conditions_must_be_json_object
phase_annotation_55c13159625b0423b8c5,doi:10.1016/j.apmt.2022.101587,invalid_or_unresolved_phase_label;invalid_or_unresolved_phase_scope;missing_annotator;not_adjudicated;not_primary_experiment;review_sample_conditions_must_be_json_object
phase_annotation_564a2e630741c1d34871,doi:10.1002/adfm.202531011,invalid_or_unresolved_phase_label;invalid_or_unresolved_phase_scope;missing_annotator;not_adjudicated;not_primary_experiment;review_sample_conditions_must_be_json_object
phase_annotation_570e64a300f8edc6c917,doi:10.1038/s41467-023-37560-3,invalid_or_unresolved_phase_label;invalid_or_unresolved_phase_scope;missing_annotator;not_adjudicated;not_primary_experiment;review_sample_conditions_must_be_json_object
phase_annotation_593293b65fe16f470aa1,paper:paper_61d535d135e7d56c,invalid_or_unresolved_phase_label;invalid_or_unresolved_phase_scope;missing_annotator;not_adjudicated;not_primary_experiment;review_sample_conditions_must_be_json_object
phase_annotation_59464e2f89fd1ebe4544,doi:10.1038/s41467-024-47893-2,invalid_or_unresolved_phase_label;invalid_or_unresolved_phase_scope;missing_annotator;not_adjudicated;not_primary_experiment;review_sample_conditions_must_be_json_object
phase_annotation_59777994426bcacd1290,doi:10.1002/aelm.201900852,invalid_or_unresolved_phase_label;invalid_or_unresolved_phase_scope;missing_annotator;not_adjudicated;not_primary_experiment;review_sample_conditions_must_be_json_object
phase_annotation_59857c39cc4b1e12ff45,doi:10.1063/1.5124402,invalid_or_unresolved_phase_label;invalid_or_unresolved_phase_scope;missing_annotator;not_adjudicated;not_primary_experiment;review_sample_conditions_must_be_json_object
phase_annotation_5c0739608d944f247c9c,paper:paper_5bea4c6613002b9b,invalid_or_unresolved_phase_label;invalid_or_unresolved_phase_scope;missing_annotator;not_adjudicated;not_primary_experiment;review_sample_conditions_must_be_json_object
phase_annotation_5c63fc42084eb37d640e,doi:10.1038/s41598-025-02281-8,invalid_or_unresolved_phase_label;invalid_or_unresolved_phase_scope;missing_annotator;not_adjudicated;not_primary_experiment;review_sample_conditions_must_be_json_object
phase_annotation_5d5c1022dff89145cd21,doi:10.1063/5.0064145,invalid_or_unresolved_phase_label;invalid_or_unresolved_phase_scope;missing_annotator;not_adjudicated;not_primary_experiment;review_sample_conditions_must_be_json_object
phase_annotation_5fe1aa5aff88de6b098d,doi:10.1063/1.5110894,invalid_or_unresolved_phase_label;invalid_or_unresolved_phase_scope;missing_annotator;not_adjudicated;not_primary_experiment;review_sample_conditions_must_be_json_object
phase_annotation_601be4e62a1953ca0b55,doi:10.1186/s11671-014-0711-4,invalid_or_unresolved_phase_label;invalid_or_unresolved_phase_scope;missing_annotator;not_adjudicated;not_primary_experiment;review_sample_conditions_must_be_json_object
phase_annotation_608f03b1173ab21c34c8,doi:10.1002/adma.202109889,invalid_or_unresolved_phase_label;invalid_or_unresolved_phase_scope;missing_annotator;not_adjudicated;not_primary_experiment;review_sample_conditions_must_be_json_object
phase_annotation_60ed4d0d6ad05c6c3d0a,doi:10.1039/d5lf00360a,invalid_or_unresolved_phase_label;invalid_or_unresolved_phase_scope;missing_annotator;not_adjudicated;not_primary_experiment;review_sample_conditions_must_be_json_object
phase_annotation_62cbe294ca3ce2be02bf,doi:10.1002/adfm.202314396,invalid_or_unresolved_phase_label;invalid_or_unresolved_phase_scope;missing_annotator;not_adjudicated;not_primary_experiment;review_sample_conditions_must_be_json_object
phase_annotation_630cad6f544442bec2ef,paper:paper_00a3064577ad9c30,invalid_or_unresolved_phase_label;invalid_or_unresolved_phase_scope;missing_annotator;not_adjudicated;not_primary_experiment;review_sample_conditions_must_be_json_object
phase_annotation_6471d04468499114a3c1,doi:10.1002/aelm.202300798,invalid_or_unresolved_phase_label;invalid_or_unresolved_phase_scope;missing_annotator;not_adjudicated;not_primary_experiment;review_sample_conditions_must_be_json_object
phase_annotation_658a19965ba5915c0f64,doi:10.1016/j.sse.2025.109255,invalid_or_unresolved_phase_label;invalid_or_unresolved_phase_scope;missing_annotator;not_adjudicated;not_primary_experiment;review_sample_conditions_must_be_json_object
phase_annotation_66124b4e924f86dda546,doi:10.1002/pssr.202100033,invalid_or_unresolved_phase_label;invalid_or_unresolved_phase_scope;missing_annotator;not_adjudicated;not_primary_experiment;review_sample_conditions_must_be_json_object
phase_annotation_699f6fbd93f0e732496c,doi:10.1038/s41467-026-71265-7,invalid_or_unresolved_phase_label;invalid_or_unresolved_phase_scope;missing_annotator;not_adjudicated;not_primary_experiment;review_sample_conditions_must_be_json_object
phase_annotation_69c2087f8b295e5bf7f8,doi:10.1021/acsaelm.1c00110,invalid_or_unresolved_phase_label;invalid_or_unresolved_phase_scope;missing_annotator;not_adjudicated;not_primary_experiment;review_sample_conditions_must_be_json_object
phase_annotation_6e0f2ce939a9846abdcc,doi:10.1039/d4nr05381h,invalid_or_unresolved_phase_label;invalid_or_unresolved_phase_scope;missing_annotator;not_adjudicated;not_primary_experiment;review_sample_conditions_must_be_json_object
phase_annotation_6efcc111b2cc1d44989f,paper:paper_760465e5c639b5cb,invalid_or_unresolved_phase_label;invalid_or_unresolved_phase_scope;missing_annotator;not_adjudicated;not_primary_experiment;review_sample_conditions_must_be_json_object
phase_annotation_72bcb6d7db154d4f821d,doi:10.1063/1.5117358,invalid_or_unresolved_phase_label;invalid_or_unresolved_phase_scope;missing_annotator;not_adjudicated;not_primary_experiment;review_sample_conditions_must_be_json_object
phase_annotation_73a6317bde6bbbd540ef,doi:10.1080/00150193.2020.1791658,invalid_or_unresolved_phase_label;invalid_or_unresolved_phase_scope;missing_annotator;not_adjudicated;not_primary_experiment;review_sample_conditions_must_be_json_object
phase_annotation_73e4b19575220bbf6966,doi:10.26599/jac.2024.9220916,invalid_or_unresolved_phase_label;invalid_or_unresolved_phase_scope;missing_annotator;not_adjudicated;not_primary_experiment;review_sample_conditions_must_be_json_object
phase_annotation_7663510a80979c589ac6,doi:10.1063/1.5117358,invalid_or_unresolved_phase_label;invalid_or_unresolved_phase_scope;missing_annotator;not_adjudicated;not_primary_experiment;review_sample_conditions_must_be_json_object
phase_annotation_7853ab681053e3ece2d4,doi:10.1002/adfm.74667,invalid_or_unresolved_phase_label;invalid_or_unresolved_phase_scope;missing_annotator;not_adjudicated;not_primary_experiment;review_sample_conditions_must_be_json_object
phase_annotation_79e419485b0d9ea241d1,doi:10.1038/s41467-025-63907-z,invalid_or_unresolved_phase_label;invalid_or_unresolved_phase_scope;missing_annotator;not_adjudicated;not_primary_experiment;review_sample_conditions_must_be_json_object
phase_annotation_7a319e94851dd9366ee7,doi:10.1109/led.2022.3204360,invalid_or_unresolved_phase_label;invalid_or_unresolved_phase_scope;missing_annotator;not_adjudicated;not_primary_experiment;review_sample_conditions_must_be_json_object
phase_annotation_7c8a2ae367057069c0a8,doi:10.1109/jeds.2022.3221727,invalid_or_unresolved_phase_label;invalid_or_unresolved_phase_scope;missing_annotator;not_adjudicated;not_primary_experiment;review_sample_conditions_must_be_json_object
phase_annotation_7c9f7c726e4e56b02ef6,paper:paper_11a13ba725c2c8ca,invalid_or_unresolved_phase_label;invalid_or_unresolved_phase_scope;missing_annotator;not_adjudicated;not_primary_experiment;review_sample_conditions_must_be_json_object
phase_annotation_7d35b22a8187fdaa7a79,doi:10.1016/j.apmt.2022.101587,invalid_or_unresolved_phase_label;invalid_or_unresolved_phase_scope;missing_annotator;not_adjudicated;not_primary_experiment;review_sample_conditions_must_be_json_object
phase_annotation_7fc4465815e2a55e304d,doi:10.1038/s41467-022-28236-5,invalid_or_unresolved_phase_label;invalid_or_unresolved_phase_scope;missing_annotator;not_adjudicated;not_primary_experiment;review_sample_conditions_must_be_json_object
phase_annotation_80988986100d74190f3d,paper:paper_2fe8172862bf0ee9,invalid_or_unresolved_phase_label;invalid_or_unresolved_phase_scope;missing_annotator;not_adjudicated;not_primary_experiment;review_sample_conditions_must_be_json_object
phase_annotation_85774c110dae84f2480d,paper:paper_ad8ad399564a438f,invalid_or_unresolved_phase_label;invalid_or_unresolved_phase_scope;missing_annotator;not_adjudicated;not_primary_experiment;review_sample_conditions_must_be_json_object
phase_annotation_86c2e00ed6df9ba9d075,doi:10.1002/adfm.202314396,invalid_or_unresolved_phase_label;invalid_or_unresolved_phase_scope;missing_annotator;not_adjudicated;not_primary_experiment;review_sample_conditions_must_be_json_object
phase_annotation_883a038d1f914a88d36d,doi:10.1038/s41467-026-71265-7,invalid_or_unresolved_phase_label;invalid_or_unresolved_phase_scope;missing_annotator;not_adjudicated;not_primary_experiment;review_sample_conditions_must_be_json_object
phase_annotation_8ae013742b32b56d8095,doi:10.1063/5.0297535,invalid_or_unresolved_phase_label;invalid_or_unresolved_phase_scope;missing_annotator;not_adjudicated;not_primary_experiment;review_sample_conditions_must_be_json_object
phase_annotation_8b18a775584dc95377e2,doi:10.1002/advs.202523654,invalid_or_unresolved_phase_label;invalid_or_unresolved_phase_scope;missing_annotator;not_adjudicated;not_primary_experiment;review_sample_conditions_must_be_json_object
phase_annotation_8bec4fe5863f0f708632,doi:10.1002/aelm.202500402,invalid_or_unresolved_phase_label;invalid_or_unresolved_phase_scope;missing_annotator;not_adjudicated;not_primary_experiment;review_sample_conditions_must_be_json_object
phase_annotation_8c06ebea68cc144c7c69,doi:10.26599/nr.2026.94908815,invalid_or_unresolved_phase_label;invalid_or_unresolved_phase_scope;missing_annotator;not_adjudicated;not_primary_experiment;review_sample_conditions_must_be_json_object
phase_annotation_8c7a7f337b7b77907a85,doi:10.1002/adma.202109889,invalid_or_unresolved_phase_label;invalid_or_unresolved_phase_scope;missing_annotator;not_adjudicated;not_primary_experiment;review_sample_conditions_must_be_json_object
phase_annotation_8cfbcbba4778b67fcf7f,doi:10.1038/s41598-025-02281-8,invalid_or_unresolved_phase_label;invalid_or_unresolved_phase_scope;missing_annotator;not_adjudicated;not_primary_experiment;review_sample_conditions_must_be_json_object
phase_annotation_8d7f7131e388a10fbe52,doi:10.1002/pssr.202100583,invalid_or_unresolved_phase_label;invalid_or_unresolved_phase_scope;missing_annotator;not_adjudicated;not_primary_experiment;review_sample_conditions_must_be_json_object
phase_annotation_8d8daca3d4a6f2e4a3ae,doi:10.1109/jeds.2019.2942381,invalid_or_unresolved_phase_label;invalid_or_unresolved_phase_scope;missing_annotator;not_adjudicated;not_primary_experiment;review_sample_conditions_must_be_json_object
phase_annotation_8f97b03105b1fe9ce938,doi:10.1038/s41467-023-37560-3,invalid_or_unresolved_phase_label;invalid_or_unresolved_phase_scope;missing_annotator;not_adjudicated;not_primary_experiment;review_sample_conditions_must_be_json_object
phase_annotation_8fd0c34708a7f83f7e83,doi:10.1021/acsaelm.5c01966,invalid_or_unresolved_phase_label;invalid_or_unresolved_phase_scope;missing_annotator;not_adjudicated;not_primary_experiment;review_sample_conditions_must_be_json_object
phase_annotation_912d4396b1674b443e55,doi:10.1021/acsnano.4c01992,invalid_or_unresolved_phase_label;invalid_or_unresolved_phase_scope;missing_annotator;not_adjudicated;not_primary_experiment;review_sample_conditions_must_be_json_object
phase_annotation_91654e77db6790592a2d,doi:10.1063/1.5096002,invalid_or_unresolved_phase_label;invalid_or_unresolved_phase_scope;missing_annotator;not_adjudicated;not_primary_experiment;review_sample_conditions_must_be_json_object
phase_annotation_92b3c6e7e0d0accafe00,paper:paper_bd889adcf9e1a14d,invalid_or_unresolved_phase_label;invalid_or_unresolved_phase_scope;missing_annotator;not_adjudicated;not_primary_experiment;review_sample_conditions_must_be_json_object
phase_annotation_9458f75bfc5ace370242,doi:10.1038/s41467-023-37560-3,invalid_or_unresolved_phase_label;invalid_or_unresolved_phase_scope;missing_annotator;not_adjudicated;not_primary_experiment;review_sample_conditions_must_be_json_object
phase_annotation_96bfea8a7f09f408a426,doi:10.1039/d1tc02512k,invalid_or_unresolved_phase_label;invalid_or_unresolved_phase_scope;missing_annotator;not_adjudicated;not_primary_experiment;review_sample_conditions_must_be_json_object
phase_annotation_9c8dc0545a75c9a544f9,doi:10.3389/fnano.2026.1729291,invalid_or_unresolved_phase_label;invalid_or_unresolved_phase_scope;missing_annotator;not_adjudicated;not_primary_experiment;review_sample_conditions_must_be_json_object
phase_annotation_9db73e907cd727eaa430,paper:paper_41254ec543b15287,invalid_or_unresolved_phase_label;invalid_or_unresolved_phase_scope;missing_annotator;not_adjudicated;not_primary_experiment;review_sample_conditions_must_be_json_object
phase_annotation_9ed37586ca7f9e7f03d3,doi:10.1016/j.nanoen.2026.111810,invalid_or_unresolved_phase_label;invalid_or_unresolved_phase_scope;missing_annotator;not_adjudicated;not_primary_experiment;review_sample_conditions_must_be_json_object
phase_annotation_9fbc1b4db332887bb997,paper:paper_9a76a71a497dddcb,invalid_or_unresolved_phase_label;invalid_or_unresolved_phase_scope;missing_annotator;not_adjudicated;not_primary_experiment;review_sample_conditions_must_be_json_object
phase_annotation_a38a81784217762d5ccf,paper:paper_2be5c67f777e4481,invalid_or_unresolved_phase_label;invalid_or_unresolved_phase_scope;missing_annotator;not_adjudicated;not_primary_experiment;review_sample_conditions_must_be_json_object
phase_annotation_a479cbc93a61182dd65a,doi:10.1063/1.5117358,invalid_or_unresolved_phase_label;invalid_or_unresolved_phase_scope;missing_annotator;not_adjudicated;not_primary_experiment;review_sample_conditions_must_be_json_object
phase_annotation_a687aa44cacd39a1ed87,doi:10.1038/s41467-025-62610-3,invalid_or_unresolved_phase_label;invalid_or_unresolved_phase_scope;missing_annotator;not_adjudicated;not_primary_experiment;review_sample_conditions_must_be_json_object
phase_annotation_a95af9c17806af0dd727,doi:10.1039/d4nr04861j,invalid_or_unresolved_phase_label;invalid_or_unresolved_phase_scope;missing_annotator;not_adjudicated;not_primary_experiment;review_sample_conditions_must_be_json_object
phase_annotation_a98e82cd7d25be131cd8,doi:10.1038/s41467-025-63298-1,invalid_or_unresolved_phase_label;invalid_or_unresolved_phase_scope;missing_annotator;not_adjudicated;not_primary_experiment;review_sample_conditions_must_be_json_object
phase_annotation_a9a42be7701c88745b31,doi:10.1063/1.5124402,invalid_or_unresolved_phase_label;invalid_or_unresolved_phase_scope;missing_annotator;not_adjudicated;not_primary_experiment;review_sample_conditions_must_be_json_object
phase_annotation_aa373d7c71154bc68490,paper:paper_ab6df5724ace840f,invalid_or_unresolved_phase_label;invalid_or_unresolved_phase_scope;missing_annotator;not_adjudicated;not_primary_experiment;review_sample_conditions_must_be_json_object
phase_annotation_ab649bf133c6be143a07,paper:paper_86c4e94e51580e63,invalid_or_unresolved_phase_label;invalid_or_unresolved_phase_scope;missing_annotator;not_adjudicated;not_primary_experiment;review_sample_conditions_must_be_json_object
phase_annotation_add4686e0ce0dd157b01,doi:10.1002/adfm.202311825,invalid_or_unresolved_phase_label;invalid_or_unresolved_phase_scope;missing_annotator;not_adjudicated;not_primary_experiment;review_sample_conditions_must_be_json_object
phase_annotation_adfa6f274522b5dd78a9,doi:10.1038/s42005-025-02438-x,invalid_or_unresolved_phase_label;invalid_or_unresolved_phase_scope;missing_annotator;not_adjudicated;not_primary_experiment;review_sample_conditions_must_be_json_object
phase_annotation_af72afafa6f9ab85928a,doi:10.26599/nr.2026.94908581,invalid_or_unresolved_phase_label;invalid_or_unresolved_phase_scope;missing_annotator;not_adjudicated;not_primary_experiment;review_sample_conditions_must_be_json_object
phase_annotation_afab08ed8379e166fd22,paper:paper_1682c2018e6d2ab9,invalid_or_unresolved_phase_label;invalid_or_unresolved_phase_scope;missing_annotator;not_adjudicated;not_primary_experiment;review_sample_conditions_must_be_json_object
phase_annotation_b03ae8a54a2e6a2ba6f1,paper:paper_224895449efc7636,invalid_or_unresolved_phase_label;invalid_or_unresolved_phase_scope;missing_annotator;not_adjudicated;not_primary_experiment;review_sample_conditions_must_be_json_object
phase_annotation_b28cc5e96977a0b306a9,doi:10.1038/s41467-025-63907-z,invalid_or_unresolved_phase_label;invalid_or_unresolved_phase_scope;missing_annotator;not_adjudicated;not_primary_experiment;review_sample_conditions_must_be_json_object
phase_annotation_b31ac7a96627fce133e2,doi:10.1021/acsomega.5c01112,invalid_or_unresolved_phase_label;invalid_or_unresolved_phase_scope;missing_annotator;not_adjudicated;not_primary_experiment;review_sample_conditions_must_be_json_object
phase_annotation_b4c4f23a0653d7547cb2,doi:10.1016/j.tsf.2012.11.125,invalid_or_unresolved_phase_label;invalid_or_unresolved_phase_scope;missing_annotator;not_adjudicated;not_primary_experiment;review_sample_conditions_must_be_json_object
phase_annotation_b557854c8869bb9efd8b,doi:10.1002/aelm.202400395,invalid_or_unresolved_phase_label;invalid_or_unresolved_phase_scope;missing_annotator;not_adjudicated;not_primary_experiment;review_sample_conditions_must_be_json_object
phase_annotation_b8403795e6983afaf2d9,paper:paper_9a76a71a497dddcb,invalid_or_unresolved_phase_label;invalid_or_unresolved_phase_scope;missing_annotator;not_adjudicated;not_primary_experiment;review_sample_conditions_must_be_json_object
phase_annotation_b896aac708d09be79cbd,doi:10.1002/aelm.202100499,invalid_or_unresolved_phase_label;invalid_or_unresolved_phase_scope;missing_annotator;not_adjudicated;not_primary_experiment;review_sample_conditions_must_be_json_object
phase_annotation_b8daeff9e53bd343e394,doi:10.1016/j.tsf.2012.11.125,invalid_or_unresolved_phase_label;invalid_or_unresolved_phase_scope;missing_annotator;not_adjudicated;not_primary_experiment;review_sample_conditions_must_be_json_object
phase_annotation_b99d48d76ca9a009346e,doi:10.1021/acsaelm.1c00110,invalid_or_unresolved_phase_label;invalid_or_unresolved_phase_scope;missing_annotator;not_adjudicated;not_primary_experiment;review_sample_conditions_must_be_json_object
phase_annotation_ba30ad543f4054483b67,doi:10.1038/s42005-025-02438-x,invalid_or_unresolved_phase_label;invalid_or_unresolved_phase_scope;missing_annotator;not_adjudicated;not_primary_experiment;review_sample_conditions_must_be_json_object
phase_annotation_bfcd631e7dde377336b0,doi:10.1016/j.apmt.2022.101587,invalid_or_unresolved_phase_label;invalid_or_unresolved_phase_scope;missing_annotator;not_adjudicated;not_primary_experiment;review_sample_conditions_must_be_json_object
phase_annotation_c330114ac926a209054c,doi:10.1038/s41467-023-37560-3,invalid_or_unresolved_phase_label;invalid_or_unresolved_phase_scope;missing_annotator;not_adjudicated;not_primary_experiment;review_sample_conditions_must_be_json_object
phase_annotation_c626381173bb052cd38f,doi:10.26599/nr.2026.94908815,invalid_or_unresolved_phase_label;invalid_or_unresolved_phase_scope;missing_annotator;not_adjudicated;not_primary_experiment;review_sample_conditions_must_be_json_object
phase_annotation_c7cace34b6a76f2b2f8f,doi:10.1021/acsnano.4c13595,invalid_or_unresolved_phase_label;invalid_or_unresolved_phase_scope;missing_annotator;not_adjudicated;not_primary_experiment;review_sample_conditions_must_be_json_object
phase_annotation_cbd7a821fd0ee5225382,doi:10.1039/d2tc00996j,invalid_or_unresolved_phase_label;invalid_or_unresolved_phase_scope;missing_annotator;not_adjudicated;not_primary_experiment;review_sample_conditions_must_be_json_object
phase_annotation_cc7e78d286d412a09f9c,doi:10.1103/physrevlett.133.036202,invalid_or_unresolved_phase_label;invalid_or_unresolved_phase_scope;missing_annotator;not_adjudicated;not_primary_experiment;review_sample_conditions_must_be_json_object
phase_annotation_ceb4753e66321d284d6b,doi:10.1002/aelm.202300016,invalid_or_unresolved_phase_label;invalid_or_unresolved_phase_scope;missing_annotator;not_adjudicated;not_primary_experiment;review_sample_conditions_must_be_json_object
phase_annotation_d14e4aee65bec4e58da2,paper:paper_9a76a71a497dddcb,invalid_or_unresolved_phase_label;invalid_or_unresolved_phase_scope;missing_annotator;not_adjudicated;not_primary_experiment;review_sample_conditions_must_be_json_object
phase_annotation_d1c326b1d0a64fde3310,doi:10.1002/aelm.202100420,invalid_or_unresolved_phase_label;invalid_or_unresolved_phase_scope;missing_annotator;not_adjudicated;not_primary_experiment;review_sample_conditions_must_be_json_object
phase_annotation_d2987b2a562a4a869b2e,doi:10.1038/s41467-025-59018-4,invalid_or_unresolved_phase_label;invalid_or_unresolved_phase_scope;missing_annotator;not_adjudicated;not_primary_experiment;review_sample_conditions_must_be_json_object
phase_annotation_d2db29ccbe9e28a764b1,doi:10.1109/jeds.2023.3336077,invalid_or_unresolved_phase_label;invalid_or_unresolved_phase_scope;missing_annotator;not_adjudicated;not_primary_experiment;review_sample_conditions_must_be_json_object
phase_annotation_d2f70784c355a35802d9,doi:10.1021/acsnano.5c16255,invalid_or_unresolved_phase_label;invalid_or_unresolved_phase_scope;missing_annotator;not_adjudicated;not_primary_experiment;review_sample_conditions_must_be_json_object
phase_annotation_d3e7ac7ed2c6020b80be,paper:paper_1fa60ea6f0cadae2,invalid_or_unresolved_phase_label;invalid_or_unresolved_phase_scope;missing_annotator;not_adjudicated;not_primary_experiment;review_sample_conditions_must_be_json_object
phase_annotation_d47ac133e3e57901d22c,paper:paper_1fa60ea6f0cadae2,invalid_or_unresolved_phase_label;invalid_or_unresolved_phase_scope;missing_annotator;not_adjudicated;not_primary_experiment;review_sample_conditions_must_be_json_object
phase_annotation_d4e4054170027659bd90,doi:10.1038/s41563-018-0196-0,invalid_or_unresolved_phase_label;invalid_or_unresolved_phase_scope;missing_annotator;not_adjudicated;not_primary_experiment;review_sample_conditions_must_be_json_object
phase_annotation_d5bb3d4c25b4caf722fa,doi:10.1038/s41467-026-72456-y,invalid_or_unresolved_phase_label;invalid_or_unresolved_phase_scope;missing_annotator;not_adjudicated;not_primary_experiment;review_sample_conditions_must_be_json_object
phase_annotation_d80f91cc9f067eb7f925,doi:10.1063/5.0158909,invalid_or_unresolved_phase_label;invalid_or_unresolved_phase_scope;missing_annotator;not_adjudicated;not_primary_experiment;review_sample_conditions_must_be_json_object
phase_annotation_d9fa238ead8f13a7a7d6,doi:10.1002/adfm.202314396,invalid_or_unresolved_phase_label;invalid_or_unresolved_phase_scope;missing_annotator;not_adjudicated;not_primary_experiment;review_sample_conditions_must_be_json_object
phase_annotation_daa5d51b9d7abcf9d013,doi:10.1002/aelm.202100499,invalid_or_unresolved_phase_label;invalid_or_unresolved_phase_scope;missing_annotator;not_adjudicated;not_primary_experiment;review_sample_conditions_must_be_json_object
phase_annotation_dba2d42b7e1f60d4d65b,paper:paper_a69d8a2fb11a4911,invalid_or_unresolved_phase_label;invalid_or_unresolved_phase_scope;missing_annotator;not_adjudicated;not_primary_experiment;review_sample_conditions_must_be_json_object
phase_annotation_dbc1fbb540440f9a0e33,paper:paper_474667338e35b8d3,invalid_or_unresolved_phase_label;invalid_or_unresolved_phase_scope;missing_annotator;not_adjudicated;not_primary_experiment;review_sample_conditions_must_be_json_object
phase_annotation_de8d0a707e0675a2623c,paper:paper_8a555a6aed5b7034,invalid_or_unresolved_phase_label;invalid_or_unresolved_phase_scope;missing_annotator;not_adjudicated;not_primary_experiment;review_sample_conditions_must_be_json_object
phase_annotation_e4c2ac235a8c4d3e6de2,doi:10.1109/jeds.2020.3008789,invalid_or_unresolved_phase_label;invalid_or_unresolved_phase_scope;missing_annotator;not_adjudicated;not_primary_experiment;review_sample_conditions_must_be_json_object
phase_annotation_e4c68bfe35c8b5b975ad,doi:10.1002/aelm.202300522,invalid_or_unresolved_phase_label;invalid_or_unresolved_phase_scope;missing_annotator;not_adjudicated;not_primary_experiment;review_sample_conditions_must_be_json_object
phase_annotation_e6a10f7a4cb9a7150000,doi:10.1038/s41467-026-69634-3,invalid_or_unresolved_phase_label;invalid_or_unresolved_phase_scope;missing_annotator;not_adjudicated;not_primary_experiment;review_sample_conditions_must_be_json_object
phase_annotation_e6da5f8d696c5651d6c9,paper:paper_2fe8172862bf0ee9,invalid_or_unresolved_phase_label;invalid_or_unresolved_phase_scope;missing_annotator;not_adjudicated;not_primary_experiment;review_sample_conditions_must_be_json_object
phase_annotation_e7ad075a893f32659f7b,doi:10.1063/5.0297535,invalid_or_unresolved_phase_label;invalid_or_unresolved_phase_scope;missing_annotator;not_adjudicated;not_primary_experiment;review_sample_conditions_must_be_json_object
phase_annotation_e82261ffd1a3bf524325,doi:10.1038/s41467-025-62610-3,invalid_or_unresolved_phase_label;invalid_or_unresolved_phase_scope;missing_annotator;not_adjudicated;not_primary_experiment;review_sample_conditions_must_be_json_object
phase_annotation_e841988085f987e3469f,paper:paper_a4b9633894c5adc9,invalid_or_unresolved_phase_label;invalid_or_unresolved_phase_scope;missing_annotator;not_adjudicated;not_primary_experiment;review_sample_conditions_must_be_json_object
phase_annotation_eaa2c1bae4fa14b6e62a,doi:10.1002/pssr.70167,invalid_or_unresolved_phase_label;invalid_or_unresolved_phase_scope;missing_annotator;not_adjudicated;not_primary_experiment;review_sample_conditions_must_be_json_object
phase_annotation_ed4db647436ed845b603,doi:10.1038/s41524-025-01865-2,invalid_or_unresolved_phase_label;invalid_or_unresolved_phase_scope;missing_annotator;not_adjudicated;not_primary_experiment;review_sample_conditions_must_be_json_object
phase_annotation_ed62ff2be3f2cfbd4d59,doi:10.1002/aelm.202300522,invalid_or_unresolved_phase_label;invalid_or_unresolved_phase_scope;missing_annotator;not_adjudicated;not_primary_experiment;review_sample_conditions_must_be_json_object
phase_annotation_f244bad4ddd1300b2890,paper:paper_9a76a71a497dddcb,invalid_or_unresolved_phase_label;invalid_or_unresolved_phase_scope;missing_annotator;not_adjudicated;not_primary_experiment;review_sample_conditions_must_be_json_object
phase_annotation_f2479277007cdfb16c3b,doi:10.1038/s41598-026-43896-9,invalid_or_unresolved_phase_label;invalid_or_unresolved_phase_scope;missing_annotator;not_adjudicated;not_primary_experiment;review_sample_conditions_must_be_json_object
phase_annotation_f8710efbdf43e612ab65,doi:10.1002/aelm.202100499,invalid_or_unresolved_phase_label;invalid_or_unresolved_phase_scope;missing_annotator;not_adjudicated;not_primary_experiment;review_sample_conditions_must_be_json_object
phase_annotation_fdb27c75dd05c70739c0,doi:10.1038/s41586-025-09793-3,invalid_or_unresolved_phase_label;invalid_or_unresolved_phase_scope;missing_annotator;not_adjudicated;not_primary_experiment;review_sample_conditions_must_be_json_object
phase_annotation_fec5e00a5de6b4d65747,doi:10.1002/aisy.202500817,invalid_or_unresolved_phase_label;invalid_or_unresolved_phase_scope;missing_annotator;not_adjudicated;not_primary_experiment;review_sample_conditions_must_be_json_object
phase_annotation_01747f758a70e106c4ca,doi:10.21203/rs.3.rs-862950/v1,invalid_or_unresolved_phase_label;invalid_or_unresolved_phase_scope;missing_annotator;not_adjudicated;not_primary_experiment;review_sample_conditions_must_be_json_object
phase_annotation_02c5f70ba0cd860ebfd3,doi:10.1039/d5lf00360a,invalid_or_unresolved_phase_label;invalid_or_unresolved_phase_scope;missing_annotator;not_adjudicated;not_primary_experiment;review_sample_conditions_must_be_json_object
phase_annotation_033d08ba71eca79e5609,paper:paper_e47f6661c9bb4ce9,invalid_or_unresolved_phase_label;invalid_or_unresolved_phase_scope;missing_annotator;not_adjudicated;not_primary_experiment;review_sample_conditions_must_be_json_object
phase_annotation_034f63efcadfb7ad3969,doi:10.1038/s41524-025-01865-2,invalid_or_unresolved_phase_label;invalid_or_unresolved_phase_scope;missing_annotator;not_adjudicated;not_primary_experiment;review_sample_conditions_must_be_json_object
phase_annotation_046dd1d8c3d16a59530c,doi:10.1038/s41467-026-72456-y,invalid_or_unresolved_phase_label;invalid_or_unresolved_phase_scope;missing_annotator;not_adjudicated;not_primary_experiment;review_sample_conditions_must_be_json_object
phase_annotation_05ea01f89e1a41506888,paper:paper_00a3064577ad9c30,invalid_or_unresolved_phase_label;invalid_or_unresolved_phase_scope;missing_annotator;not_adjudicated;not_primary_experiment;review_sample_conditions_must_be_json_object
phase_annotation_0aacb7d1a21a1a12524e,paper:paper_c63d908008dae1f1,invalid_or_unresolved_phase_label;invalid_or_unresolved_phase_scope;missing_annotator;not_adjudicated;not_primary_experiment;review_sample_conditions_must_be_json_object
phase_annotation_0bc2f0bf609e903d27ba,doi:10.1021/acsnano.5c16255,invalid_or_unresolved_phase_label;invalid_or_unresolved_phase_scope;missing_annotator;not_adjudicated;not_primary_experiment;review_sample_conditions_must_be_json_object
phase_annotation_0dd5b1ecf266e42019ac,doi:10.1038/s41467-025-57963-8,invalid_or_unresolved_phase_label;invalid_or_unresolved_phase_scope;missing_annotator;not_adjudicated;not_primary_experiment;review_sample_conditions_must_be_json_object
phase_annotation_0dfc473606d7df816893,doi:10.1021/acsnano.2c04841,invalid_or_unresolved_phase_label;invalid_or_unresolved_phase_scope;missing_annotator;not_adjudicated;not_primary_experiment;review_sample_conditions_must_be_json_object
phase_annotation_1021da7b60a174dae8f5,paper:paper_2be5c67f777e4481,invalid_or_unresolved_phase_label;invalid_or_unresolved_phase_scope;missing_annotator;not_adjudicated;not_primary_experiment;review_sample_conditions_must_be_json_object
phase_annotation_10f2f451cf6a23ca5bd6,doi:10.1021/acsaelm.1c00110,invalid_or_unresolved_phase_label;invalid_or_unresolved_phase_scope;missing_annotator;not_adjudicated;not_primary_experiment;review_sample_conditions_must_be_json_object
phase_annotation_124bf01d5096ecb8c21a,doi:10.1002/adma.202503852,invalid_or_unresolved_phase_label;invalid_or_unresolved_phase_scope;missing_annotator;not_adjudicated;not_primary_experiment;review_sample_conditions_must_be_json_object
phase_annotation_12c0aa32db2cebc7474f,paper:paper_1fa60ea6f0cadae2,invalid_or_unresolved_phase_label;invalid_or_unresolved_phase_scope;missing_annotator;not_adjudicated;not_primary_experiment;review_sample_conditions_must_be_json_object
phase_annotation_133085053ad9c9c88868,paper:paper_e47f6661c9bb4ce9,invalid_or_unresolved_phase_label;invalid_or_unresolved_phase_scope;missing_annotator;not_adjudicated;not_primary_experiment;review_sample_conditions_must_be_json_object
phase_annotation_142bd9971b9ef5cc968d,doi:10.1021/acsnano.5c16255,invalid_or_unresolved_phase_label;invalid_or_unresolved_phase_scope;missing_annotator;not_adjudicated;not_primary_experiment;review_sample_conditions_must_be_json_object
phase_annotation_15de638f7dfa2be62832,doi:10.1038/s41586-024-07365-5,invalid_or_unresolved_phase_label;invalid_or_unresolved_phase_scope;missing_annotator;not_adjudicated;not_primary_experiment;review_sample_conditions_must_be_json_object
phase_annotation_1770cbd5ede2705fbba5,doi:10.1021/acsami.5c22784,invalid_or_unresolved_phase_label;invalid_or_unresolved_phase_scope;missing_annotator;not_adjudicated;not_primary_experiment;review_sample_conditions_must_be_json_object
phase_annotation_18f06b97ff4c8d9d7f14,doi:10.1038/s41467-024-49055-w,invalid_or_unresolved_phase_label;invalid_or_unresolved_phase_scope;missing_annotator;not_adjudicated;not_primary_experiment;review_sample_conditions_must_be_json_object
phase_annotation_18f55b06cba9d84efc0d,doi:10.1039/d2tc04182k,invalid_or_unresolved_phase_label;invalid_or_unresolved_phase_scope;missing_annotator;not_adjudicated;not_primary_experiment;review_sample_conditions_must_be_json_object
phase_annotation_1d9355d14e76a74a9b14,paper:paper_fd135524d0d4dccd,invalid_or_unresolved_phase_label;invalid_or_unresolved_phase_scope;missing_annotator;not_adjudicated;not_primary_experiment;review_sample_conditions_must_be_json_object
phase_annotation_1da9a385a726a512b97e,paper:paper_20670e954aeb0055,invalid_or_unresolved_phase_label;invalid_or_unresolved_phase_scope;missing_annotator;not_adjudicated;not_primary_experiment;review_sample_conditions_must_be_json_object
phase_annotation_1f7ab813dbd725fcd31a,doi:10.1109/jeds.2019.2902953,invalid_or_unresolved_phase_label;invalid_or_unresolved_phase_scope;missing_annotator;not_adjudicated;not_primary_experiment;review_sample_conditions_must_be_json_object
phase_annotation_2041278cdd16dffd39ed,doi:10.1038/s41467-026-72742-9,invalid_or_unresolved_phase_label;invalid_or_unresolved_phase_scope;missing_annotator;not_adjudicated;not_primary_experiment;review_sample_conditions_must_be_json_object
phase_annotation_215667b7496a28cc0228,paper:paper_c3d80d8907e5f736,invalid_or_unresolved_phase_label;invalid_or_unresolved_phase_scope;missing_annotator;not_adjudicated;not_primary_experiment;review_sample_conditions_must_be_json_object
phase_annotation_295a5b2340cce26bd2fd,doi:10.1021/acsnano.4c01992,invalid_or_unresolved_phase_label;invalid_or_unresolved_phase_scope;missing_annotator;not_adjudicated;not_primary_experiment;review_sample_conditions_must_be_json_object
phase_annotation_2c769866c46576e9e959,doi:10.1039/d1tc02512k,invalid_or_unresolved_phase_label;invalid_or_unresolved_phase_scope;missing_annotator;not_adjudicated;not_primary_experiment;review_sample_conditions_must_be_json_object
phase_annotation_2ca87264ca55ad33c126,paper:paper_c5240b0067c46ee6,invalid_or_unresolved_phase_label;invalid_or_unresolved_phase_scope;missing_annotator;not_adjudicated;not_primary_experiment;review_sample_conditions_must_be_json_object
phase_annotation_2e0fe8c06e9a88968881,doi:10.1038/s41467-026-69634-3,invalid_or_unresolved_phase_label;invalid_or_unresolved_phase_scope;missing_annotator;not_adjudicated;not_primary_experiment;review_sample_conditions_must_be_json_object
phase_annotation_2e7d4a681a31989403ff,paper:paper_e6b048e59f4f5d14,invalid_or_unresolved_phase_label;invalid_or_unresolved_phase_scope;missing_annotator;not_adjudicated;not_primary_experiment;review_sample_conditions_must_be_json_object
phase_annotation_2f12b434e42331516d07,doi:10.1038/s41598-025-02281-8,invalid_or_unresolved_phase_label;invalid_or_unresolved_phase_scope;missing_annotator;not_adjudicated;not_primary_experiment;review_sample_conditions_must_be_json_object
phase_annotation_355d417a5bdb739ff354,paper:paper_a4b9633894c5adc9,invalid_or_unresolved_phase_label;invalid_or_unresolved_phase_scope;missing_annotator;not_adjudicated;not_primary_experiment;review_sample_conditions_must_be_json_object
phase_annotation_38c773cf5ca4b3424ac3,doi:10.1039/d1tc05387f,invalid_or_unresolved_phase_label;invalid_or_unresolved_phase_scope;missing_annotator;not_adjudicated;not_primary_experiment;review_sample_conditions_must_be_json_object
phase_annotation_3e8eabafab0ba5a2beb0,paper:paper_224895449efc7636,invalid_or_unresolved_phase_label;invalid_or_unresolved_phase_scope;missing_annotator;not_adjudicated;not_primary_experiment;review_sample_conditions_must_be_json_object
phase_annotation_404b4c43d72c0abb101e,doi:10.1109/jeds.2018.2885932,invalid_or_unresolved_phase_label;invalid_or_unresolved_phase_scope;missing_annotator;not_adjudicated;not_primary_experiment;review_sample_conditions_must_be_json_object
phase_annotation_41cd424e3564711d9fb3,doi:10.1039/d4nr04861j,invalid_or_unresolved_phase_label;invalid_or_unresolved_phase_scope;missing_annotator;not_adjudicated;not_primary_experiment;review_sample_conditions_must_be_json_object
phase_annotation_41f0b28044af6877a78a,doi:10.1039/d3mh01966g,invalid_or_unresolved_phase_label;invalid_or_unresolved_phase_scope;missing_annotator;not_adjudicated;not_primary_experiment;review_sample_conditions_must_be_json_object
phase_annotation_4343abc30fd689fa5311,doi:10.1021/acsaelm.0c00560,invalid_or_unresolved_phase_label;invalid_or_unresolved_phase_scope;missing_annotator;not_adjudicated;not_primary_experiment;review_sample_conditions_must_be_json_object
phase_annotation_438bfe951e73a520e897,doi:10.1038/s41586-024-07365-5,invalid_or_unresolved_phase_label;invalid_or_unresolved_phase_scope;missing_annotator;not_adjudicated;not_primary_experiment;review_sample_conditions_must_be_json_object
phase_annotation_46b1fbea286d99780397,paper:paper_da6add435a5a65be,invalid_or_unresolved_phase_label;invalid_or_unresolved_phase_scope;missing_annotator;not_adjudicated;not_primary_experiment;review_sample_conditions_must_be_json_object
phase_annotation_46fae65a0941e2ceb14b,doi:10.1002/aelm.202300522,invalid_or_unresolved_phase_label;invalid_or_unresolved_phase_scope;missing_annotator;not_adjudicated;not_primary_experiment;review_sample_conditions_must_be_json_object
phase_annotation_47e30b6729dbb12cc765,doi:10.1038/s41467-025-63048-3,invalid_or_unresolved_phase_label;invalid_or_unresolved_phase_scope;missing_annotator;not_adjudicated;not_primary_experiment;review_sample_conditions_must_be_json_object
phase_annotation_48346242a8721c135d12,paper:paper_1fa60ea6f0cadae2,invalid_or_unresolved_phase_label;invalid_or_unresolved_phase_scope;missing_annotator;not_adjudicated;not_primary_experiment;review_sample_conditions_must_be_json_object
phase_annotation_491a3933f497089bb137,doi:10.1039/d2na00713d,invalid_or_unresolved_phase_label;invalid_or_unresolved_phase_scope;missing_annotator;not_adjudicated;not_primary_experiment;review_sample_conditions_must_be_json_object
phase_annotation_4a8526e65877fd42b301,paper:paper_27dd52e1c7cd30e3,invalid_or_unresolved_phase_label;invalid_or_unresolved_phase_scope;missing_annotator;not_adjudicated;not_primary_experiment;review_sample_conditions_must_be_json_object
phase_annotation_4ad6af2f4631b014f514,doi:10.1002/pssr.202100583,invalid_or_unresolved_phase_label;invalid_or_unresolved_phase_scope;missing_annotator;not_adjudicated;not_primary_experiment;review_sample_conditions_must_be_json_object
phase_annotation_4d5acb88d4b3f92ab262,doi:10.1038/s41524-023-01176-4,invalid_or_unresolved_phase_label;invalid_or_unresolved_phase_scope;missing_annotator;not_adjudicated;not_primary_experiment;review_sample_conditions_must_be_json_object
phase_annotation_4edfb1a159ff908beab5,doi:10.1186/s11671-014-0711-4,invalid_or_unresolved_phase_label;invalid_or_unresolved_phase_scope;missing_annotator;not_adjudicated;not_primary_experiment;review_sample_conditions_must_be_json_object
phase_annotation_4fd19f695ed410525df1,doi:10.1039/d4nr05381h,invalid_or_unresolved_phase_label;invalid_or_unresolved_phase_scope;missing_annotator;not_adjudicated;not_primary_experiment;review_sample_conditions_must_be_json_object
phase_annotation_53187039413b9d8d7f43,doi:10.1002/advs.202407729,invalid_or_unresolved_phase_label;invalid_or_unresolved_phase_scope;missing_annotator;not_adjudicated;not_primary_experiment;review_sample_conditions_must_be_json_object
phase_annotation_563dd456e2aec3d7cf44,doi:10.1007/s00339-026-09337-0,invalid_or_unresolved_phase_label;invalid_or_unresolved_phase_scope;missing_annotator;not_adjudicated;not_primary_experiment;review_sample_conditions_must_be_json_object
phase_annotation_571319d7370be2ce5c8d,doi:10.1039/d2tc00996j,invalid_or_unresolved_phase_label;invalid_or_unresolved_phase_scope;missing_annotator;not_adjudicated;not_primary_experiment;review_sample_conditions_must_be_json_object
phase_annotation_5812997d4a97c45effb5,doi:10.21203/rs.3.rs-862950/v1,invalid_or_unresolved_phase_label;invalid_or_unresolved_phase_scope;missing_annotator;not_adjudicated;not_primary_experiment;review_sample_conditions_must_be_json_object
phase_annotation_584c7f505b1af3760db1,paper:paper_ab6df5724ace840f,invalid_or_unresolved_phase_label;invalid_or_unresolved_phase_scope;missing_annotator;not_adjudicated;not_primary_experiment;review_sample_conditions_must_be_json_object
phase_annotation_5865eb48a140068445a0,doi:10.1002/aelm.202300522,invalid_or_unresolved_phase_label;invalid_or_unresolved_phase_scope;missing_annotator;not_adjudicated;not_primary_experiment;review_sample_conditions_must_be_json_object
phase_annotation_58daf7bf6fd1d63e1c6a,doi:10.1021/acsnano.4c13595,invalid_or_unresolved_phase_label;invalid_or_unresolved_phase_scope;missing_annotator;not_adjudicated;not_primary_experiment;review_sample_conditions_must_be_json_object
phase_annotation_59c4178ad9074a5aa423,doi:10.1039/d1nr01535d,invalid_or_unresolved_phase_label;invalid_or_unresolved_phase_scope;missing_annotator;not_adjudicated;not_primary_experiment;review_sample_conditions_must_be_json_object
phase_annotation_5ae91da50e3ce91681d2,doi:10.1021/acsaelm.3c01856,invalid_or_unresolved_phase_label;invalid_or_unresolved_phase_scope;missing_annotator;not_adjudicated;not_primary_experiment;review_sample_conditions_must_be_json_object
phase_annotation_5d2b327a0b5497f4429f,doi:10.1038/s41467-025-59519-2,invalid_or_unresolved_phase_label;invalid_or_unresolved_phase_scope;missing_annotator;not_adjudicated;not_primary_experiment;review_sample_conditions_must_be_json_object
phase_annotation_5dc8ff6f4778fcb055f4,doi:10.1021/acsaelm.0c00560,invalid_or_unresolved_phase_label;invalid_or_unresolved_phase_scope;missing_annotator;not_adjudicated;not_primary_experiment;review_sample_conditions_must_be_json_object
phase_annotation_5e63ffcad46a493ea333,doi:10.1016/j.apmt.2022.101394,invalid_or_unresolved_phase_label;invalid_or_unresolved_phase_scope;missing_annotator;not_adjudicated;not_primary_experiment;review_sample_conditions_must_be_json_object
phase_annotation_5e6a4f8582e7f5e57db5,paper:paper_9a76a71a497dddcb,invalid_or_unresolved_phase_label;invalid_or_unresolved_phase_scope;missing_annotator;not_adjudicated;not_primary_experiment;review_sample_conditions_must_be_json_object
phase_annotation_5e8ec38c542ec86bd571,doi:10.21203/rs.3.rs-2110871/v1,invalid_or_unresolved_phase_label;invalid_or_unresolved_phase_scope;missing_annotator;not_adjudicated;not_primary_experiment;review_sample_conditions_must_be_json_object
phase_annotation_5ea44623859853765a8d,doi:10.1038/s41467-025-63907-z,invalid_or_unresolved_phase_label;invalid_or_unresolved_phase_scope;missing_annotator;not_adjudicated;not_primary_experiment;review_sample_conditions_must_be_json_object
phase_annotation_5f85d71cebf00ee3e4c2,doi:10.1007/s40843-022-2237-2,invalid_or_unresolved_phase_label;invalid_or_unresolved_phase_scope;missing_annotator;not_adjudicated;not_primary_experiment;review_sample_conditions_must_be_json_object
phase_annotation_5ff6d784130432a888fb,doi:10.1039/d1tc02512k,invalid_or_unresolved_phase_label;invalid_or_unresolved_phase_scope;missing_annotator;not_adjudicated;not_primary_experiment;review_sample_conditions_must_be_json_object
phase_annotation_60ad34d1a6ed3c24803a,doi:10.1039/d2tc04182k,invalid_or_unresolved_phase_label;invalid_or_unresolved_phase_scope;missing_annotator;not_adjudicated;not_primary_experiment;review_sample_conditions_must_be_json_object
phase_annotation_620f331e65362023c774,doi:10.1002/aelm.201900852,invalid_or_unresolved_phase_label;invalid_or_unresolved_phase_scope;missing_annotator;not_adjudicated;not_primary_experiment;review_sample_conditions_must_be_json_object
phase_annotation_62399e2096588dd70aa6,doi:10.1039/d2tc04182k,invalid_or_unresolved_phase_label;invalid_or_unresolved_phase_scope;missing_annotator;not_adjudicated;not_primary_experiment;review_sample_conditions_must_be_json_object
phase_annotation_63de715028d721792adf,doi:10.1186/s40580-025-00481-6,invalid_or_unresolved_phase_label;invalid_or_unresolved_phase_scope;missing_annotator;not_adjudicated;not_primary_experiment;review_sample_conditions_must_be_json_object
phase_annotation_642f7d10a8aefa054a3d,paper:paper_4b4dee9010fe8dfc,invalid_or_unresolved_phase_label;invalid_or_unresolved_phase_scope;missing_annotator;not_adjudicated;not_primary_experiment;review_sample_conditions_must_be_json_object
phase_annotation_64f9b278caf1c23d1948,doi:10.1039/c7tc01200d,invalid_or_unresolved_phase_label;invalid_or_unresolved_phase_scope;missing_annotator;not_adjudicated;not_primary_experiment;review_sample_conditions_must_be_json_object
phase_annotation_66a270850708ace0e9f9,doi:10.1021/acsaelm.3c01856,invalid_or_unresolved_phase_label;invalid_or_unresolved_phase_scope;missing_annotator;not_adjudicated;not_primary_experiment;review_sample_conditions_must_be_json_object
phase_annotation_66e6fd95a999b3ce9a0e,doi:10.1038/s41586-024-07365-5,invalid_or_unresolved_phase_label;invalid_or_unresolved_phase_scope;missing_annotator;not_adjudicated;not_primary_experiment;review_sample_conditions_must_be_json_object
phase_annotation_69017b47d48c6f464992,paper:paper_2be5c67f777e4481,invalid_or_unresolved_phase_label;invalid_or_unresolved_phase_scope;missing_annotator;not_adjudicated;not_primary_experiment;review_sample_conditions_must_be_json_object
phase_annotation_69c9444f156e0f2c676f,doi:10.1016/j.tsf.2012.11.125,invalid_or_unresolved_phase_label;invalid_or_unresolved_phase_scope;missing_annotator;not_adjudicated;not_primary_experiment;review_sample_conditions_must_be_json_object
phase_annotation_6a3f816e1f2f41019cc9,paper:paper_e47f6661c9bb4ce9,invalid_or_unresolved_phase_label;invalid_or_unresolved_phase_scope;missing_annotator;not_adjudicated;not_primary_experiment;review_sample_conditions_must_be_json_object
phase_annotation_6b4c95fcc0001eb93cca,doi:10.1038/s41467-026-69634-3,invalid_or_unresolved_phase_label;invalid_or_unresolved_phase_scope;missing_annotator;not_adjudicated;not_primary_experiment;review_sample_conditions_must_be_json_object
phase_annotation_6dc94d1900a6401faab6,doi:10.1039/d0nr02204g,invalid_or_unresolved_phase_label;invalid_or_unresolved_phase_scope;missing_annotator;not_adjudicated;not_primary_experiment;review_sample_conditions_must_be_json_object
phase_annotation_6e6847054d49e42f80d6,paper:paper_00a3064577ad9c30,invalid_or_unresolved_phase_label;invalid_or_unresolved_phase_scope;missing_annotator;not_adjudicated;not_primary_experiment;review_sample_conditions_must_be_json_object
phase_annotation_728866c604eae454516b,doi:10.1080/00150193.2020.1791658,invalid_or_unresolved_phase_label;invalid_or_unresolved_phase_scope;missing_annotator;not_adjudicated;not_primary_experiment;review_sample_conditions_must_be_json_object
phase_annotation_736eb3b28f00d37c5f13,doi:10.1002/aelm.202300171,invalid_or_unresolved_phase_label;invalid_or_unresolved_phase_scope;missing_annotator;not_adjudicated;not_primary_experiment;review_sample_conditions_must_be_json_object
phase_annotation_75778fd765858948de66,doi:10.1021/acsaelm.3c01856,invalid_or_unresolved_phase_label;invalid_or_unresolved_phase_scope;missing_annotator;not_adjudicated;not_primary_experiment;review_sample_conditions_must_be_json_object
phase_annotation_76303923780e69214863,doi:10.26599/jac.2024.9220916,invalid_or_unresolved_phase_label;invalid_or_unresolved_phase_scope;missing_annotator;not_adjudicated;not_primary_experiment;review_sample_conditions_must_be_json_object
phase_annotation_77134e0f5814bf7b2cea,doi:10.2109/jcersj2,invalid_or_unresolved_phase_label;invalid_or_unresolved_phase_scope;missing_annotator;not_adjudicated;not_primary_experiment;review_sample_conditions_must_be_json_object
phase_annotation_7730cc3624d1381e0726,doi:10.1088/1674-1056/aca9c6,invalid_or_unresolved_phase_label;invalid_or_unresolved_phase_scope;missing_annotator;not_adjudicated;not_primary_experiment;review_sample_conditions_must_be_json_object
phase_annotation_7881f3baa42b3723fd23,paper:paper_8556e4f9ecd2d028,invalid_or_unresolved_phase_label;invalid_or_unresolved_phase_scope;missing_annotator;not_adjudicated;not_primary_experiment;review_sample_conditions_must_be_json_object
phase_annotation_7929a81eda559c1d6940,doi:10.1038/s41467-023-37560-3,invalid_or_unresolved_phase_label;invalid_or_unresolved_phase_scope;missing_annotator;not_adjudicated;not_primary_experiment;review_sample_conditions_must_be_json_object
phase_annotation_7a9af52ecc4d09079632,doi:10.1039/d2nr05935e,invalid_or_unresolved_phase_label;invalid_or_unresolved_phase_scope;missing_annotator;not_adjudicated;not_primary_experiment;review_sample_conditions_must_be_json_object
phase_annotation_7bdfb9a317d04cff0bef,paper:paper_9a76a71a497dddcb,invalid_or_unresolved_phase_label;invalid_or_unresolved_phase_scope;missing_annotator;not_adjudicated;not_primary_experiment;review_sample_conditions_must_be_json_object
phase_annotation_7c5c2c606f13c367c499,doi:10.1039/d4nr02393e,invalid_or_unresolved_phase_label;invalid_or_unresolved_phase_scope;missing_annotator;not_adjudicated;not_primary_experiment;review_sample_conditions_must_be_json_object
phase_annotation_7cf097153c54ec53def5,paper:paper_fd135524d0d4dccd,invalid_or_unresolved_phase_label;invalid_or_unresolved_phase_scope;missing_annotator;not_adjudicated;not_primary_experiment;review_sample_conditions_must_be_json_object
phase_annotation_7d3946c1f334d5b247f5,doi:10.1016/j.apsusc.2022.153110,invalid_or_unresolved_phase_label;invalid_or_unresolved_phase_scope;missing_annotator;not_adjudicated;not_primary_experiment;review_sample_conditions_must_be_json_object
phase_annotation_7dde117a7c041d5aa010,doi:10.31438/trf.hh2022.84,invalid_or_unresolved_phase_label;invalid_or_unresolved_phase_scope;missing_annotator;not_adjudicated;not_primary_experiment;review_sample_conditions_must_be_json_object
phase_annotation_7f3a470b729f801e855f,doi:10.1038/s41467-025-63907-z,invalid_or_unresolved_phase_label;invalid_or_unresolved_phase_scope;missing_annotator;not_adjudicated;not_primary_experiment;review_sample_conditions_must_be_json_object
phase_annotation_81ca1977ab33fe47be42,doi:10.1039/d5lf00360a,invalid_or_unresolved_phase_label;invalid_or_unresolved_phase_scope;missing_annotator;not_adjudicated;not_primary_experiment;review_sample_conditions_must_be_json_object
phase_annotation_82b12dbde253e1d43be1,doi:10.1063/1.3636434,invalid_or_unresolved_phase_label;invalid_or_unresolved_phase_scope;missing_annotator;not_adjudicated;not_primary_experiment;review_sample_conditions_must_be_json_object
phase_annotation_8310d627442c106bd95a,paper:paper_9a76a71a497dddcb,invalid_or_unresolved_phase_label;invalid_or_unresolved_phase_scope;missing_annotator;not_adjudicated;not_primary_experiment;review_sample_conditions_must_be_json_object
phase_annotation_83fe328b58446ec09bdb,doi:10.1039/d1nr01535d,invalid_or_unresolved_phase_label;invalid_or_unresolved_phase_scope;missing_annotator;not_adjudicated;not_primary_experiment;review_sample_conditions_must_be_json_object
phase_annotation_87829eafd33945303d30,doi:10.1038/s41467-025-63907-z,invalid_or_unresolved_phase_label;invalid_or_unresolved_phase_scope;missing_annotator;not_adjudicated;not_primary_experiment;review_sample_conditions_must_be_json_object
phase_annotation_8822ee78138c04e89167,doi:10.1021/acsaelm.3c01856,invalid_or_unresolved_phase_label;invalid_or_unresolved_phase_scope;missing_annotator;not_adjudicated;not_primary_experiment;review_sample_conditions_must_be_json_object
phase_annotation_8940b8a79489b1babe8d,doi:10.2109/jcersj2,invalid_or_unresolved_phase_label;invalid_or_unresolved_phase_scope;missing_annotator;not_adjudicated;not_primary_experiment;review_sample_conditions_must_be_json_object
phase_annotation_8984fe75f1f8a377326c,paper:paper_8a555a6aed5b7034,invalid_or_unresolved_phase_label;invalid_or_unresolved_phase_scope;missing_annotator;not_adjudicated;not_primary_experiment;review_sample_conditions_must_be_json_object
phase_annotation_899f1ee258b50bf9b35c,paper:paper_e47f6661c9bb4ce9,invalid_or_unresolved_phase_label;invalid_or_unresolved_phase_scope;missing_annotator;not_adjudicated;not_primary_experiment;review_sample_conditions_must_be_json_object
phase_annotation_8a39d24827424e105e4b,doi:10.1038/s41467-026-72456-y,invalid_or_unresolved_phase_label;invalid_or_unresolved_phase_scope;missing_annotator;not_adjudicated;not_primary_experiment;review_sample_conditions_must_be_json_object
phase_annotation_8d394b38b4b9c60fd4b6,doi:10.1038/s41586-024-07365-5,invalid_or_unresolved_phase_label;invalid_or_unresolved_phase_scope;missing_annotator;not_adjudicated;not_primary_experiment;review_sample_conditions_must_be_json_object
phase_annotation_8eaae5c9cb86344af5a9,doi:10.34133/research.0093,invalid_or_unresolved_phase_label;invalid_or_unresolved_phase_scope;missing_annotator;not_adjudicated;not_primary_experiment;review_sample_conditions_must_be_json_object
phase_annotation_8f913f0d13ffd159b265,doi:10.1038/s42005-022-00951-x,invalid_or_unresolved_phase_label;invalid_or_unresolved_phase_scope;missing_annotator;not_adjudicated;not_primary_experiment;review_sample_conditions_must_be_json_object
phase_annotation_904c61d698b10174f189,doi:10.1021/acsaelm.4c01745,invalid_or_unresolved_phase_label;invalid_or_unresolved_phase_scope;missing_annotator;not_adjudicated;not_primary_experiment;review_sample_conditions_must_be_json_object
phase_annotation_90e063a22877c1f97ccc,paper:paper_8556e4f9ecd2d028,invalid_or_unresolved_phase_label;invalid_or_unresolved_phase_scope;missing_annotator;not_adjudicated;not_primary_experiment;review_sample_conditions_must_be_json_object
phase_annotation_918f2c5ad414f7b5ec97,doi:10.1039/d1nr01535d,invalid_or_unresolved_phase_label;invalid_or_unresolved_phase_scope;missing_annotator;not_adjudicated;not_primary_experiment;review_sample_conditions_must_be_json_object
phase_annotation_92c841d0a7b5b4c458a0,doi:10.1038/s41467-026-71265-7,invalid_or_unresolved_phase_label;invalid_or_unresolved_phase_scope;missing_annotator;not_adjudicated;not_primary_experiment;review_sample_conditions_must_be_json_object
phase_annotation_9379b3e8ef0d3cc75c3e,doi:10.1186/s40580-023-00403-4,invalid_or_unresolved_phase_label;invalid_or_unresolved_phase_scope;missing_annotator;not_adjudicated;not_primary_experiment;review_sample_conditions_must_be_json_object
phase_annotation_9427338d19b0b4a8bd3b,doi:10.1002/pssa.201900840,invalid_or_unresolved_phase_label;invalid_or_unresolved_phase_scope;missing_annotator;not_adjudicated;not_primary_experiment;review_sample_conditions_must_be_json_object
phase_annotation_95863ac3b018f2d37372,doi:10.1038/s41928-025-01398-y,invalid_or_unresolved_phase_label;invalid_or_unresolved_phase_scope;missing_annotator;not_adjudicated;not_primary_experiment;review_sample_conditions_must_be_json_object
phase_annotation_959521ff8b4d00a72703,doi:10.1002/aelm.202100420,invalid_or_unresolved_phase_label;invalid_or_unresolved_phase_scope;missing_annotator;not_adjudicated;not_primary_experiment;review_sample_conditions_must_be_json_object
phase_annotation_95dad88086bf9aa4f9f4,doi:10.1109/jeds.2023.3336077,invalid_or_unresolved_phase_label;invalid_or_unresolved_phase_scope;missing_annotator;not_adjudicated;not_primary_experiment;review_sample_conditions_must_be_json_object
phase_annotation_968e0656b571a11d011f,doi:10.1038/s41598-025-90555-6,invalid_or_unresolved_phase_label;invalid_or_unresolved_phase_scope;missing_annotator;not_adjudicated;not_primary_experiment;review_sample_conditions_must_be_json_object
phase_annotation_985e444cfb813d191a0d,doi:10.1039/d4tc00061g,invalid_or_unresolved_phase_label;invalid_or_unresolved_phase_scope;missing_annotator;not_adjudicated;not_primary_experiment;review_sample_conditions_must_be_json_object
phase_annotation_99019acb6e0ce408319c,paper:paper_2fe8172862bf0ee9,invalid_or_unresolved_phase_label;invalid_or_unresolved_phase_scope;missing_annotator;not_adjudicated;not_primary_experiment;review_sample_conditions_must_be_json_object
phase_annotation_9974354f0607c5b1fefb,doi:10.1038/s41467-026-72456-y,invalid_or_unresolved_phase_label;invalid_or_unresolved_phase_scope;missing_annotator;not_adjudicated;not_primary_experiment;review_sample_conditions_must_be_json_object
phase_annotation_9b286cb242b7e3c433fb,doi:10.1002/aelm.202200601,invalid_or_unresolved_phase_label;invalid_or_unresolved_phase_scope;missing_annotator;not_adjudicated;not_primary_experiment;review_sample_conditions_must_be_json_object
phase_annotation_9b856df371ea0415070f,doi:10.34133/research.0093,invalid_or_unresolved_phase_label;invalid_or_unresolved_phase_scope;missing_annotator;not_adjudicated;not_primary_experiment;review_sample_conditions_must_be_json_object
phase_annotation_9ca78290a1c39a1729d5,doi:10.1007/s40843-022-2124-7,invalid_or_unresolved_phase_label;invalid_or_unresolved_phase_scope;missing_annotator;not_adjudicated;not_primary_experiment;review_sample_conditions_must_be_json_object
phase_annotation_9cbff043d4c9934c3641,doi:10.1103/physrevlett.133.036202,invalid_or_unresolved_phase_label;invalid_or_unresolved_phase_scope;missing_annotator;not_adjudicated;not_primary_experiment;review_sample_conditions_must_be_json_object
phase_annotation_9de497a50fa886744c99,doi:10.1038/s41467-023-37560-3,invalid_or_unresolved_phase_label;invalid_or_unresolved_phase_scope;missing_annotator;not_adjudicated;not_primary_experiment;review_sample_conditions_must_be_json_object
phase_annotation_9f0ed5105c7233df348c,doi:10.1016/j.jallcom.2023.172267,invalid_or_unresolved_phase_label;invalid_or_unresolved_phase_scope;missing_annotator;not_adjudicated;not_primary_experiment;review_sample_conditions_must_be_json_object
phase_annotation_a0ee135df4f7efe52f55,doi:10.1002/adma.202508889,invalid_or_unresolved_phase_label;invalid_or_unresolved_phase_scope;missing_annotator;not_adjudicated;not_primary_experiment;review_sample_conditions_must_be_json_object
phase_annotation_a12d60419d64ad37df7f,paper:paper_2cb7a8a948275d36,invalid_or_unresolved_phase_label;invalid_or_unresolved_phase_scope;missing_annotator;not_adjudicated;not_primary_experiment;review_sample_conditions_must_be_json_object
phase_annotation_a45495cc5ff23c8734a6,doi:10.1039/c7tc01200d,invalid_or_unresolved_phase_label;invalid_or_unresolved_phase_scope;missing_annotator;not_adjudicated;not_primary_experiment;review_sample_conditions_must_be_json_object
phase_annotation_a4624c8dac70608ae767,paper:paper_2fe8172862bf0ee9,invalid_or_unresolved_phase_label;invalid_or_unresolved_phase_scope;missing_annotator;not_adjudicated;not_primary_experiment;review_sample_conditions_must_be_json_object
phase_annotation_a51639a4810ff234689e,doi:10.1002/aelm.202300798,invalid_or_unresolved_phase_label;invalid_or_unresolved_phase_scope;missing_annotator;not_adjudicated;not_primary_experiment;review_sample_conditions_must_be_json_object
phase_annotation_a58aa4340dce0961281f,doi:10.1002/adfm.202409095,invalid_or_unresolved_phase_label;invalid_or_unresolved_phase_scope;missing_annotator;not_adjudicated;not_primary_experiment;review_sample_conditions_must_be_json_object
phase_annotation_a8114d0a732dc57a45b5,doi:10.1038/s41467-022-28236-5,invalid_or_unresolved_phase_label;invalid_or_unresolved_phase_scope;missing_annotator;not_adjudicated;not_primary_experiment;review_sample_conditions_must_be_json_object
phase_annotation_a996b7ed3f952f6f7e23,paper:paper_9a76a71a497dddcb,invalid_or_unresolved_phase_label;invalid_or_unresolved_phase_scope;missing_annotator;not_adjudicated;not_primary_experiment;review_sample_conditions_must_be_json_object
phase_annotation_b00f5800a46bb8a3276a,doi:10.2109/jcersj2,invalid_or_unresolved_phase_label;invalid_or_unresolved_phase_scope;missing_annotator;not_adjudicated;not_primary_experiment;review_sample_conditions_must_be_json_object
phase_annotation_b103d147e39acfc0ae5a,doi:10.1038/s41524-025-01865-2,invalid_or_unresolved_phase_label;invalid_or_unresolved_phase_scope;missing_annotator;not_adjudicated;not_primary_experiment;review_sample_conditions_must_be_json_object
phase_annotation_b14381cad773c1ae48d3,doi:10.1039/d4tc00061g,invalid_or_unresolved_phase_label;invalid_or_unresolved_phase_scope;missing_annotator;not_adjudicated;not_primary_experiment;review_sample_conditions_must_be_json_object
phase_annotation_b27e352c5d4d6e0d4653,doi:10.1038/s41467-026-69634-3,invalid_or_unresolved_phase_label;invalid_or_unresolved_phase_scope;missing_annotator;not_adjudicated;not_primary_experiment;review_sample_conditions_must_be_json_object
phase_annotation_b303da2db2804aad0897,doi:10.1039/d4nr04861j,invalid_or_unresolved_phase_label;invalid_or_unresolved_phase_scope;missing_annotator;not_adjudicated;not_primary_experiment;review_sample_conditions_must_be_json_object
phase_annotation_b37d30d48b347416c4ce,doi:10.1002/adfm.202311825,invalid_or_unresolved_phase_label;invalid_or_unresolved_phase_scope;missing_annotator;not_adjudicated;not_primary_experiment;review_sample_conditions_must_be_json_object
phase_annotation_b43957f8b219d8a6dbf8,paper:paper_da6add435a5a65be,invalid_or_unresolved_phase_label;invalid_or_unresolved_phase_scope;missing_annotator;not_adjudicated;not_primary_experiment;review_sample_conditions_must_be_json_object
phase_annotation_b462f89afcb67a96999a,paper:paper_00a3064577ad9c30,invalid_or_unresolved_phase_label;invalid_or_unresolved_phase_scope;missing_annotator;not_adjudicated;not_primary_experiment;review_sample_conditions_must_be_json_object
phase_annotation_b52a85d3fb4ee54e976c,paper:paper_407f82d79c775cf3,invalid_or_unresolved_phase_label;invalid_or_unresolved_phase_scope;missing_annotator;not_adjudicated;not_primary_experiment;review_sample_conditions_must_be_json_object
phase_annotation_b684b05a0d9b243e3aac,doi:10.1038/s41467-023-37560-3,invalid_or_unresolved_phase_label;invalid_or_unresolved_phase_scope;missing_annotator;not_adjudicated;not_primary_experiment;review_sample_conditions_must_be_json_object
phase_annotation_b7a4a83cf4d025b7ef99,doi:10.1021/acsaelm.1c00110,invalid_or_unresolved_phase_label;invalid_or_unresolved_phase_scope;missing_annotator;not_adjudicated;not_primary_experiment;review_sample_conditions_must_be_json_object
phase_annotation_b9794632216ec481588b,paper:paper_da6add435a5a65be,invalid_or_unresolved_phase_label;invalid_or_unresolved_phase_scope;missing_annotator;not_adjudicated;not_primary_experiment;review_sample_conditions_must_be_json_object
phase_annotation_ba3e7387f507e19de384,paper:paper_f70fb7ff678b45cf,invalid_or_unresolved_phase_label;invalid_or_unresolved_phase_scope;missing_annotator;not_adjudicated;not_primary_experiment;review_sample_conditions_must_be_json_object
phase_annotation_ba8b56e52a217807d0ec,doi:10.1038/s41467-026-72456-y,invalid_or_unresolved_phase_label;invalid_or_unresolved_phase_scope;missing_annotator;not_adjudicated;not_primary_experiment;review_sample_conditions_must_be_json_object
phase_annotation_baa849170b813ac8085d,doi:10.1038/s41467-020-15159-2,invalid_or_unresolved_phase_label;invalid_or_unresolved_phase_scope;missing_annotator;not_adjudicated;not_primary_experiment;review_sample_conditions_must_be_json_object
phase_annotation_bb1eb605fe00e7bbe27f,paper:paper_c5240b0067c46ee6,invalid_or_unresolved_phase_label;invalid_or_unresolved_phase_scope;missing_annotator;not_adjudicated;not_primary_experiment;review_sample_conditions_must_be_json_object
phase_annotation_bd54ee46c6a4e18a94bd,paper:paper_5bea4c6613002b9b,invalid_or_unresolved_phase_label;invalid_or_unresolved_phase_scope;missing_annotator;not_adjudicated;not_primary_experiment;review_sample_conditions_must_be_json_object
phase_annotation_bf5f1422a1e026894894,paper:paper_1fa60ea6f0cadae2,invalid_or_unresolved_phase_label;invalid_or_unresolved_phase_scope;missing_annotator;not_adjudicated;not_primary_experiment;review_sample_conditions_must_be_json_object
phase_annotation_c07149e395bb012a9699,doi:10.1038/s41598-025-30961-y,invalid_or_unresolved_phase_label;invalid_or_unresolved_phase_scope;missing_annotator;not_adjudicated;not_primary_experiment;review_sample_conditions_must_be_json_object
phase_annotation_c326bca23a0750e49253,doi:10.1016/j.apmt.2022.101394,invalid_or_unresolved_phase_label;invalid_or_unresolved_phase_scope;missing_annotator;not_adjudicated;not_primary_experiment;review_sample_conditions_must_be_json_object
phase_annotation_c3b1f5c3ee634f0d3d55,paper:paper_9a76a71a497dddcb,invalid_or_unresolved_phase_label;invalid_or_unresolved_phase_scope;missing_annotator;not_adjudicated;not_primary_experiment;review_sample_conditions_must_be_json_object
phase_annotation_c61c09d7c2ae13288339,doi:10.1063/1.4993110,invalid_or_unresolved_phase_label;invalid_or_unresolved_phase_scope;missing_annotator;not_adjudicated;not_primary_experiment;review_sample_conditions_must_be_json_object
phase_annotation_c68e9db96df665559224,paper:paper_0bc52dfdabdac408,invalid_or_unresolved_phase_label;invalid_or_unresolved_phase_scope;missing_annotator;not_adjudicated;not_primary_experiment;review_sample_conditions_must_be_json_object
phase_annotation_c9534993d0d1068a0410,paper:paper_c25ff95a7c0019aa,invalid_or_unresolved_phase_label;invalid_or_unresolved_phase_scope;missing_annotator;not_adjudicated;not_primary_experiment;review_sample_conditions_must_be_json_object
phase_annotation_cffeee19176af57c4e70,paper:paper_9a76a71a497dddcb,invalid_or_unresolved_phase_label;invalid_or_unresolved_phase_scope;missing_annotator;not_adjudicated;not_primary_experiment;review_sample_conditions_must_be_json_object
phase_annotation_d1d0e4e7fce443b0be93,doi:10.1002/adfm.74667,invalid_or_unresolved_phase_label;invalid_or_unresolved_phase_scope;missing_annotator;not_adjudicated;not_primary_experiment;review_sample_conditions_must_be_json_object
phase_annotation_d1ec49005e75a314bde0,paper:paper_c5240b0067c46ee6,invalid_or_unresolved_phase_label;invalid_or_unresolved_phase_scope;missing_annotator;not_adjudicated;not_primary_experiment;review_sample_conditions_must_be_json_object
phase_annotation_d62a3afdf80e03b95e42,doi:10.1021/acsami.1c16873,invalid_or_unresolved_phase_label;invalid_or_unresolved_phase_scope;missing_annotator;not_adjudicated;not_primary_experiment;review_sample_conditions_must_be_json_object
phase_annotation_d7aa0e958ff9e2f75e55,doi:10.1063/5.0158909,invalid_or_unresolved_phase_label;invalid_or_unresolved_phase_scope;missing_annotator;not_adjudicated;not_primary_experiment;review_sample_conditions_must_be_json_object
phase_annotation_d97fdfb5112e724a15da,doi:10.1063/1.4964300,invalid_or_unresolved_phase_label;invalid_or_unresolved_phase_scope;missing_annotator;not_adjudicated;not_primary_experiment;review_sample_conditions_must_be_json_object
phase_annotation_db0fd060329e24203724,doi:10.1021/acsaelm.1c00110,invalid_or_unresolved_phase_label;invalid_or_unresolved_phase_scope;missing_annotator;not_adjudicated;not_primary_experiment;review_sample_conditions_must_be_json_object
phase_annotation_ddf5a4258f4f12f13cf8,doi:10.1038/s41524-023-01176-4,invalid_or_unresolved_phase_label;invalid_or_unresolved_phase_scope;missing_annotator;not_adjudicated;not_primary_experiment;review_sample_conditions_must_be_json_object
phase_annotation_e074b8bc567fca2afb2f,paper:paper_c63d908008dae1f1,invalid_or_unresolved_phase_label;invalid_or_unresolved_phase_scope;missing_annotator;not_adjudicated;not_primary_experiment;review_sample_conditions_must_be_json_object
phase_annotation_e19e66f6907a5594c81e,doi:10.1021/acsnano.2c04841,invalid_or_unresolved_phase_label;invalid_or_unresolved_phase_scope;missing_annotator;not_adjudicated;not_primary_experiment;review_sample_conditions_must_be_json_object
phase_annotation_e3af8567c6ea808e2c7a,doi:10.1021/acsaelm.8b00065,invalid_or_unresolved_phase_label;invalid_or_unresolved_phase_scope;missing_annotator;not_adjudicated;not_primary_experiment;review_sample_conditions_must_be_json_object
phase_annotation_e4376e2390f87f2b3e34,doi:10.1002/aelm.202300798,invalid_or_unresolved_phase_label;invalid_or_unresolved_phase_scope;missing_annotator;not_adjudicated;not_primary_experiment;review_sample_conditions_must_be_json_object
phase_annotation_e59469ebb306025e30ee,doi:10.1109/jeds.2023.3336077,invalid_or_unresolved_phase_label;invalid_or_unresolved_phase_scope;missing_annotator;not_adjudicated;not_primary_experiment;review_sample_conditions_must_be_json_object
phase_annotation_e66a8bdd19f20b757ffc,doi:10.1038/s41467-026-72456-y,invalid_or_unresolved_phase_label;invalid_or_unresolved_phase_scope;missing_annotator;not_adjudicated;not_primary_experiment;review_sample_conditions_must_be_json_object
phase_annotation_e7621d547833cb08aecf,doi:10.1039/d2tc00996j,invalid_or_unresolved_phase_label;invalid_or_unresolved_phase_scope;missing_annotator;not_adjudicated;not_primary_experiment;review_sample_conditions_must_be_json_object
phase_annotation_e949c0170361496d4abd,doi:10.1021/acsaelm.8b00065,invalid_or_unresolved_phase_label;invalid_or_unresolved_phase_scope;missing_annotator;not_adjudicated;not_primary_experiment;review_sample_conditions_must_be_json_object
phase_annotation_ed9b6830602bc63e99eb,doi:10.1021/acsaelm.5c00936,invalid_or_unresolved_phase_label;invalid_or_unresolved_phase_scope;missing_annotator;not_adjudicated;not_primary_experiment;review_sample_conditions_must_be_json_object
phase_annotation_eee9d733156308c78989,paper:paper_01c3f90f2ea93ee9,invalid_or_unresolved_phase_label;invalid_or_unresolved_phase_scope;missing_annotator;not_adjudicated;not_primary_experiment;review_sample_conditions_must_be_json_object
phase_annotation_efbba40743f9d3f76b80,doi:10.1021/acsaelm.3c01856,invalid_or_unresolved_phase_label;invalid_or_unresolved_phase_scope;missing_annotator;not_adjudicated;not_primary_experiment;review_sample_conditions_must_be_json_object
phase_annotation_f01cc366c0dfa22ed948,doi:10.1002/adfm.202314396,invalid_or_unresolved_phase_label;invalid_or_unresolved_phase_scope;missing_annotator;not_adjudicated;not_primary_experiment;review_sample_conditions_must_be_json_object
phase_annotation_f2073b8b90c3c374dbf1,doi:10.1038/s41467-026-69634-3,invalid_or_unresolved_phase_label;invalid_or_unresolved_phase_scope;missing_annotator;not_adjudicated;not_primary_experiment;review_sample_conditions_must_be_json_object
phase_annotation_f4af00523d3e90e63886,doi:10.1007/s12598-024-02674-0,invalid_or_unresolved_phase_label;invalid_or_unresolved_phase_scope;missing_annotator;not_adjudicated;not_primary_experiment;review_sample_conditions_must_be_json_object
phase_annotation_f71da02296ed45ca0f23,doi:10.1002/pssr.202000598,invalid_or_unresolved_phase_label;invalid_or_unresolved_phase_scope;missing_annotator;not_adjudicated;not_primary_experiment;review_sample_conditions_must_be_json_object
phase_annotation_f75372547073a9cd57a7,doi:10.1021/acsnano.4c01992,invalid_or_unresolved_phase_label;invalid_or_unresolved_phase_scope;missing_annotator;not_adjudicated;not_primary_experiment;review_sample_conditions_must_be_json_object
phase_annotation_f753ef0cf1b8157b8547,doi:10.1038/s41467-023-37560-3,invalid_or_unresolved_phase_label;invalid_or_unresolved_phase_scope;missing_annotator;not_adjudicated;not_primary_experiment;review_sample_conditions_must_be_json_object
phase_annotation_f7b2743e1f0633acdd25,paper:paper_2be5c67f777e4481,invalid_or_unresolved_phase_label;invalid_or_unresolved_phase_scope;missing_annotator;not_adjudicated;not_primary_experiment;review_sample_conditions_must_be_json_object
phase_annotation_f7f64c1628c1f30bef65,doi:10.1038/s41524-023-01176-4,invalid_or_unresolved_phase_label;invalid_or_unresolved_phase_scope;missing_annotator;not_adjudicated;not_primary_experiment;review_sample_conditions_must_be_json_object
phase_annotation_f84d17c696c7cce986b6,doi:10.1038/s41467-021-27480-5,invalid_or_unresolved_phase_label;invalid_or_unresolved_phase_scope;missing_annotator;not_adjudicated;not_primary_experiment;review_sample_conditions_must_be_json_object
phase_annotation_f9aa3a8d378469584206,doi:10.1103/physrevlett.133.036202,invalid_or_unresolved_phase_label;invalid_or_unresolved_phase_scope;missing_annotator;not_adjudicated;not_primary_experiment;review_sample_conditions_must_be_json_object
phase_annotation_fb2703e55e979d3ed18e,doi:10.1039/d3nh00524k,invalid_or_unresolved_phase_label;invalid_or_unresolved_phase_scope;missing_annotator;not_adjudicated;not_primary_experiment;review_sample_conditions_must_be_json_object
phase_annotation_fc362219d8231f514a75,paper:paper_01c3f90f2ea93ee9,invalid_or_unresolved_phase_label;invalid_or_unresolved_phase_scope;missing_annotator;not_adjudicated;not_primary_experiment;review_sample_conditions_must_be_json_object
phase_annotation_fead126a40a34a727117,paper:paper_01c3f90f2ea93ee9,invalid_or_unresolved_phase_label;invalid_or_unresolved_phase_scope;missing_annotator;not_adjudicated;not_primary_experiment;review_sample_conditions_must_be_json_object
phase_annotation_190fd412a8e2cfe8b09c,doi:10.1021/acsnano.4c13595,invalid_or_unresolved_phase_label;invalid_or_unresolved_phase_scope;missing_annotator;not_adjudicated;not_primary_experiment;review_sample_conditions_must_be_json_object
phase_annotation_813ff66730138cf27de2,doi:10.1039/d1qi00167a,invalid_or_unresolved_phase_label;invalid_or_unresolved_phase_scope;missing_annotator;not_adjudicated;not_primary_experiment;review_sample_conditions_must_be_json_object
phase_annotation_052fcf122dec77ce9e6b,doi:10.1002/aelm.202500402,invalid_or_unresolved_phase_label;invalid_or_unresolved_phase_scope;missing_annotator;not_adjudicated;not_primary_experiment;review_sample_conditions_must_be_json_object
phase_annotation_078c6aad4bb57bf2bd92,paper:paper_9a76a71a497dddcb,invalid_or_unresolved_phase_label;invalid_or_unresolved_phase_scope;missing_annotator;not_adjudicated;not_primary_experiment;review_sample_conditions_must_be_json_object
phase_annotation_1ab906fdd3d3ae2d9e7d,doi:10.1063/5.0297535,invalid_or_unresolved_phase_label;invalid_or_unresolved_phase_scope;missing_annotator;not_adjudicated;not_primary_experiment;review_sample_conditions_must_be_json_object
phase_annotation_26958315b3fba6426493,paper:paper_1fa60ea6f0cadae2,invalid_or_unresolved_phase_label;invalid_or_unresolved_phase_scope;missing_annotator;not_adjudicated;not_primary_experiment;review_sample_conditions_must_be_json_object
phase_annotation_4fc77d34e86cb403d075,doi:10.1002/aelm.201900852,invalid_or_unresolved_phase_label;invalid_or_unresolved_phase_scope;missing_annotator;not_adjudicated;not_primary_experiment;review_sample_conditions_must_be_json_object
phase_annotation_5ecf85371bf035ff1ccc,doi:10.1002/aelm.202100420,invalid_or_unresolved_phase_label;invalid_or_unresolved_phase_scope;missing_annotator;not_adjudicated;not_primary_experiment;review_sample_conditions_must_be_json_object
phase_annotation_6621ac654e3bb78b36c6,doi:10.1002/aelm.202300171,invalid_or_unresolved_phase_label;invalid_or_unresolved_phase_scope;missing_annotator;not_adjudicated;not_primary_experiment;review_sample_conditions_must_be_json_object
phase_annotation_86353fccc4456d639d7e,paper:paper_86c4e94e51580e63,invalid_or_unresolved_phase_label;invalid_or_unresolved_phase_scope;missing_annotator;not_adjudicated;not_primary_experiment;review_sample_conditions_must_be_json_object
phase_annotation_dc540dd32e57c6ebf81a,doi:10.1557/s43581-025-00137-2,invalid_or_unresolved_phase_label;invalid_or_unresolved_phase_scope;missing_annotator;not_adjudicated;not_primary_experiment;review_sample_conditions_must_be_json_object
phase_annotation_52fcab7cc8e7b12b520c,paper:paper_4b4dee9010fe8dfc,invalid_or_unresolved_phase_label;invalid_or_unresolved_phase_scope;missing_annotator;not_adjudicated;not_primary_experiment;review_sample_conditions_must_be_json_object
phase_annotation_0c2c7bb6247443ac1809,doi:10.1088/1674-1056/aca9c6,invalid_or_unresolved_phase_label;invalid_or_unresolved_phase_scope;missing_annotator;not_adjudicated;not_primary_experiment;review_sample_conditions_must_be_json_object
phase_annotation_14cbe6c5c220f88e7c9e,doi:10.1002/advs.202501367,invalid_or_unresolved_phase_label;invalid_or_unresolved_phase_scope;missing_annotator;not_adjudicated;not_primary_experiment;review_sample_conditions_must_be_json_object
phase_annotation_23cee60f58f4cf7aa04c,doi:10.1038/s41535-025-00841-9,invalid_or_unresolved_phase_label;invalid_or_unresolved_phase_scope;missing_annotator;not_adjudicated;not_primary_experiment;review_sample_conditions_must_be_json_object
phase_annotation_43fde153964fe706fd30,doi:10.1038/s41467-026-69634-3,invalid_or_unresolved_phase_label;invalid_or_unresolved_phase_scope;missing_annotator;not_adjudicated;not_primary_experiment;review_sample_conditions_must_be_json_object
phase_annotation_48b7267f6a4b3281dd69,doi:10.1088/1361-6528/ac4679,invalid_or_unresolved_phase_label;invalid_or_unresolved_phase_scope;missing_annotator;not_adjudicated;not_primary_experiment;review_sample_conditions_must_be_json_object
phase_annotation_6f442f7d989765358e9f,paper:paper_50777442fdff4cfd,invalid_or_unresolved_phase_label;invalid_or_unresolved_phase_scope;missing_annotator;not_adjudicated;not_primary_experiment;review_sample_conditions_must_be_json_object
phase_annotation_81699f44c64260fe6064,doi:10.1016/j.apsusc.2022.153905,invalid_or_unresolved_phase_label;invalid_or_unresolved_phase_scope;missing_annotator;not_adjudicated;not_primary_experiment;review_sample_conditions_must_be_json_object
phase_annotation_89a7223879cf7c2410b5,doi:10.1016/j.apmt.2022.101394,invalid_or_unresolved_phase_label;invalid_or_unresolved_phase_scope;missing_annotator;not_adjudicated;not_primary_experiment;review_sample_conditions_must_be_json_object
phase_annotation_921b9fdc9209072f7bab,paper:paper_224895449efc7636,invalid_or_unresolved_phase_label;invalid_or_unresolved_phase_scope;missing_annotator;not_adjudicated;not_primary_experiment;review_sample_conditions_must_be_json_object
phase_annotation_982fcf5c472729aa8558,doi:10.1021/acsaelm.1c00110,invalid_or_unresolved_phase_label;invalid_or_unresolved_phase_scope;missing_annotator;not_adjudicated;not_primary_experiment;review_sample_conditions_must_be_json_object
phase_annotation_a3ae81263c882b53fa05,doi:10.1021/acsnano.4c01992,invalid_or_unresolved_phase_label;invalid_or_unresolved_phase_scope;missing_annotator;not_adjudicated;not_primary_experiment;review_sample_conditions_must_be_json_object
phase_annotation_a8cdb85bc0449972d439,doi:10.1038/s41598-024-60155-x,invalid_or_unresolved_phase_label;invalid_or_unresolved_phase_scope;missing_annotator;not_adjudicated;not_primary_experiment;review_sample_conditions_must_be_json_object
phase_annotation_b6830831ce875c4b7f6c,paper:paper_00a3064577ad9c30,invalid_or_unresolved_phase_label;invalid_or_unresolved_phase_scope;missing_annotator;not_adjudicated;not_primary_experiment;review_sample_conditions_must_be_json_object
phase_annotation_e89641758473158ac65f,doi:10.1038/s41467-026-69634-3,invalid_or_unresolved_phase_label;invalid_or_unresolved_phase_scope;missing_annotator;not_adjudicated;not_primary_experiment;review_sample_conditions_must_be_json_object
phase_annotation_e9d77dbae045a089be20,doi:10.21203/rs.3.rs-4739777/v1,invalid_or_unresolved_phase_label;invalid_or_unresolved_phase_scope;missing_annotator;not_adjudicated;not_primary_experiment;review_sample_conditions_must_be_json_object
phase_annotation_eb154e3719e42b4658eb,doi:10.1038/s41467-026-69634-3,invalid_or_unresolved_phase_label;invalid_or_unresolved_phase_scope;missing_annotator;not_adjudicated;not_primary_experiment;review_sample_conditions_must_be_json_object
phase_annotation_f6820806e5ab6e1dbd64,doi:10.1016/j.jmst.2021.07.016,invalid_or_unresolved_phase_label;invalid_or_unresolved_phase_scope;missing_annotator;not_adjudicated;not_primary_experiment;review_sample_conditions_must_be_json_object
phase_annotation_3e163b3f9ec494751eaa,doi:10.26599/nr.2026.94908815,invalid_or_unresolved_phase_label;invalid_or_unresolved_phase_scope;missing_annotator;not_adjudicated;not_primary_experiment;review_sample_conditions_must_be_json_object
phase_annotation_42a31f0ad2f3f9b19902,paper:paper_9a76a71a497dddcb,invalid_or_unresolved_phase_label;invalid_or_unresolved_phase_scope;missing_annotator;not_adjudicated;not_primary_experiment;review_sample_conditions_must_be_json_object
phase_annotation_78b4fbf6c63662f3dc5c,paper:paper_50777442fdff4cfd,invalid_or_unresolved_phase_label;invalid_or_unresolved_phase_scope;missing_annotator;not_adjudicated;not_primary_experiment;review_sample_conditions_must_be_json_object
phase_annotation_8a2f383c387a0b2462a0,paper:paper_1fa60ea6f0cadae2,invalid_or_unresolved_phase_label;invalid_or_unresolved_phase_scope;missing_annotator;not_adjudicated;not_primary_experiment;review_sample_conditions_must_be_json_object
phase_annotation_8ffb4a02e6820c1866c6,paper:paper_1fa60ea6f0cadae2,invalid_or_unresolved_phase_label;invalid_or_unresolved_phase_scope;missing_annotator;not_adjudicated;not_primary_experiment;review_sample_conditions_must_be_json_object
phase_annotation_9a729072eb30263afedb,doi:10.1038/s41524-025-01515-7,invalid_or_unresolved_phase_label;invalid_or_unresolved_phase_scope;missing_annotator;not_adjudicated;not_primary_experiment;review_sample_conditions_must_be_json_object
phase_annotation_f873b78f5604c2803e36,paper:paper_11a13ba725c2c8ca,invalid_or_unresolved_phase_label;invalid_or_unresolved_phase_scope;missing_annotator;not_adjudicated;not_primary_experiment;review_sample_conditions_must_be_json_object
phase_annotation_33a50827c82ca0446ef4,doi:10.26599/nr.2026.94908815,invalid_or_unresolved_phase_label;invalid_or_unresolved_phase_scope;missing_annotator;not_adjudicated;not_primary_experiment;review_sample_conditions_must_be_json_object
phase_annotation_b141ec1bc2cbfacacb9c,doi:10.1002/aelm.202500402,invalid_or_unresolved_phase_label;invalid_or_unresolved_phase_scope;missing_annotator;not_adjudicated;not_primary_experiment;review_sample_conditions_must_be_json_object
phase_annotation_c376d9c6fc8ed4826e8d,paper:paper_5bea4c6613002b9b,invalid_or_unresolved_phase_label;invalid_or_unresolved_phase_scope;missing_annotator;not_adjudicated;not_primary_experiment;review_sample_conditions_must_be_json_object
phase_annotation_2b44091387e55c406bc5,doi:10.1002/aelm.202300879,invalid_or_unresolved_phase_label;invalid_or_unresolved_phase_scope;missing_annotator;not_adjudicated;not_primary_experiment;review_sample_conditions_must_be_json_object
phase_annotation_2be11f3b35029d78f90b,doi:10.1002/aelm.202500402,invalid_or_unresolved_phase_label;invalid_or_unresolved_phase_scope;missing_annotator;not_adjudicated;not_primary_experiment;review_sample_conditions_must_be_json_object
phase_annotation_3cf46129fa8089d4281d,paper:paper_407f82d79c775cf3,invalid_or_unresolved_phase_label;invalid_or_unresolved_phase_scope;missing_annotator;not_adjudicated;not_primary_experiment;review_sample_conditions_must_be_json_object
phase_annotation_41ea171d2b8ebf395b7b,paper:paper_a69d8a2fb11a4911,invalid_or_unresolved_phase_label;invalid_or_unresolved_phase_scope;missing_annotator;not_adjudicated;not_primary_experiment;review_sample_conditions_must_be_json_object
phase_annotation_51fb80b0830e334f1599,doi:10.1038/s41467-026-69634-3,invalid_or_unresolved_phase_label;invalid_or_unresolved_phase_scope;missing_annotator;not_adjudicated;not_primary_experiment;review_sample_conditions_must_be_json_object
phase_annotation_524ce37d65a18d274fb4,doi:10.1021/acsami.2c11073,invalid_or_unresolved_phase_label;invalid_or_unresolved_phase_scope;missing_annotator;not_adjudicated;not_primary_experiment;review_sample_conditions_must_be_json_object
phase_annotation_5326f6faab0cbd6394c1,doi:10.1103/physrevmaterials.6.054403,invalid_or_unresolved_phase_label;invalid_or_unresolved_phase_scope;missing_annotator;not_adjudicated;not_primary_experiment;review_sample_conditions_must_be_json_object
phase_annotation_533a964ad03df0178689,doi:10.1063/1.5124402,invalid_or_unresolved_phase_label;invalid_or_unresolved_phase_scope;missing_annotator;not_adjudicated;not_primary_experiment;review_sample_conditions_must_be_json_object
phase_annotation_540b28a6cf6b2085b80f,doi:10.1002/aelm.202300879,invalid_or_unresolved_phase_label;invalid_or_unresolved_phase_scope;missing_annotator;not_adjudicated;not_primary_experiment;review_sample_conditions_must_be_json_object
phase_annotation_5a614f809ee59f4c8d62,doi:10.1002/advs.202501367,invalid_or_unresolved_phase_label;invalid_or_unresolved_phase_scope;missing_annotator;not_adjudicated;not_primary_experiment;review_sample_conditions_must_be_json_object
phase_annotation_606cea93228f0e64dc8c,doi:10.35848/1347-4065/ad9eb9,invalid_or_unresolved_phase_label;invalid_or_unresolved_phase_scope;missing_annotator;not_adjudicated;not_primary_experiment;review_sample_conditions_must_be_json_object
phase_annotation_74af0167bd3f549c2e60,doi:10.1039/d2na00427e,invalid_or_unresolved_phase_label;invalid_or_unresolved_phase_scope;missing_annotator;not_adjudicated;not_primary_experiment;review_sample_conditions_must_be_json_object
phase_annotation_8aaf24b17907263610be,doi:10.35848/1347-4065/ad9eb9,invalid_or_unresolved_phase_label;invalid_or_unresolved_phase_scope;missing_annotator;not_adjudicated;not_primary_experiment;review_sample_conditions_must_be_json_object
phase_annotation_8f9cf1a2eb782922d711,doi:10.1038/s41535-025-00841-9,invalid_or_unresolved_phase_label;invalid_or_unresolved_phase_scope;missing_annotator;not_adjudicated;not_primary_experiment;review_sample_conditions_must_be_json_object
phase_annotation_94e861de209462987dd8,paper:paper_1fa60ea6f0cadae2,invalid_or_unresolved_phase_label;invalid_or_unresolved_phase_scope;missing_annotator;not_adjudicated;not_primary_experiment;review_sample_conditions_must_be_json_object
phase_annotation_a8d5521f01633740df78,paper:paper_407f82d79c775cf3,invalid_or_unresolved_phase_label;invalid_or_unresolved_phase_scope;missing_annotator;not_adjudicated;not_primary_experiment;review_sample_conditions_must_be_json_object
phase_annotation_b5857be33aa4856650c4,doi:10.1109/jeds.2024.3365150,invalid_or_unresolved_phase_label;invalid_or_unresolved_phase_scope;missing_annotator;not_adjudicated;not_primary_experiment;review_sample_conditions_must_be_json_object
phase_annotation_b94e960dc12827ec988f,doi:10.1039/d2na00427e,invalid_or_unresolved_phase_label;invalid_or_unresolved_phase_scope;missing_annotator;not_adjudicated;not_primary_experiment;review_sample_conditions_must_be_json_object
phase_annotation_bbbb56e2f09c7d440f41,doi:10.1016/j.apsusc.2022.153110,invalid_or_unresolved_phase_label;invalid_or_unresolved_phase_scope;missing_annotator;not_adjudicated;not_primary_experiment;review_sample_conditions_must_be_json_object
phase_annotation_c921fc34fed524aa4715,doi:10.1016/j.apsusc.2022.153905,invalid_or_unresolved_phase_label;invalid_or_unresolved_phase_scope;missing_annotator;not_adjudicated;not_primary_experiment;review_sample_conditions_must_be_json_object
phase_annotation_ca5837747552bc9f8e6d,doi:10.35848/1347-4065/ad9eb9,invalid_or_unresolved_phase_label;invalid_or_unresolved_phase_scope;missing_annotator;not_adjudicated;not_primary_experiment;review_sample_conditions_must_be_json_object
phase_annotation_d1ed355d603eb2efc7b2,doi:10.35848/1347-4065/ad9eb9,invalid_or_unresolved_phase_label;invalid_or_unresolved_phase_scope;missing_annotator;not_adjudicated;not_primary_experiment;review_sample_conditions_must_be_json_object
phase_annotation_efbe466cbc9e2cf739df,doi:10.1038/s41467-026-69634-3,invalid_or_unresolved_phase_label;invalid_or_unresolved_phase_scope;missing_annotator;not_adjudicated;not_primary_experiment;review_sample_conditions_must_be_json_object
phase_annotation_fb9e84467a27bab6f870,doi:10.1038/s41467-020-15159-2,invalid_or_unresolved_phase_label;invalid_or_unresolved_phase_scope;missing_annotator;not_adjudicated;not_primary_experiment;review_sample_conditions_must_be_json_object
phase_annotation_fde2867a1d70f7a7b83e,paper:paper_2be5c67f777e4481,invalid_or_unresolved_phase_label;invalid_or_unresolved_phase_scope;missing_annotator;not_adjudicated;not_primary_experiment;review_sample_conditions_must_be_json_object
phase_annotation_54dae041e7d0e7901589,doi:10.1088/2634-4386/ac5b2d,invalid_or_unresolved_phase_label;invalid_or_unresolved_phase_scope;missing_annotator;not_adjudicated;not_primary_experiment;review_sample_conditions_must_be_json_object
phase_annotation_8f021cfcd8cd9a8fdf1a,doi:10.1038/s41467-025-63907-z,invalid_or_unresolved_phase_label;invalid_or_unresolved_phase_scope;missing_annotator;not_adjudicated;not_primary_experiment;review_sample_conditions_must_be_json_object
phase_annotation_971a944a3098af3f1789,paper:paper_c5240b0067c46ee6,invalid_or_unresolved_phase_label;invalid_or_unresolved_phase_scope;missing_annotator;not_adjudicated;not_primary_experiment;review_sample_conditions_must_be_json_object
phase_annotation_ab796e4843aaa65743e5,doi:10.1016/j.jallcom.2023.172267,invalid_or_unresolved_phase_label;invalid_or_unresolved_phase_scope;missing_annotator;not_adjudicated;not_primary_experiment;review_sample_conditions_must_be_json_object
phase_annotation_c29ee0030a2069cd82dc,doi:10.1002/aelm.202500402,invalid_or_unresolved_phase_label;invalid_or_unresolved_phase_scope;missing_annotator;not_adjudicated;not_primary_experiment;review_sample_conditions_must_be_json_object
phase_annotation_00b4c3b0bc50a758fe07,doi:10.2109/jcersj2.18104,invalid_or_unresolved_phase_label;invalid_or_unresolved_phase_scope;missing_annotator;not_adjudicated;not_primary_experiment;review_sample_conditions_must_be_json_object
phase_annotation_02ca2b413b086f33a999,doi:10.1039/d1tc05387f,invalid_or_unresolved_phase_label;invalid_or_unresolved_phase_scope;missing_annotator;not_adjudicated;not_primary_experiment;review_sample_conditions_must_be_json_object
phase_annotation_0338b3f1bc4ec8b5555b,paper:paper_549fbbc94f300eef,invalid_or_unresolved_phase_label;invalid_or_unresolved_phase_scope;missing_annotator;not_adjudicated;not_primary_experiment;review_sample_conditions_must_be_json_object
phase_annotation_034d28a8b500b1340cdd,doi:10.1021/acsnano.4c13595,invalid_or_unresolved_phase_label;invalid_or_unresolved_phase_scope;missing_annotator;not_adjudicated;not_primary_experiment;review_sample_conditions_must_be_json_object
phase_annotation_03784bff48f6548c024d,doi:10.1038/s41467-025-57963-8,invalid_or_unresolved_phase_label;invalid_or_unresolved_phase_scope;missing_annotator;not_adjudicated;not_primary_experiment;review_sample_conditions_must_be_json_object
phase_annotation_0541cea8cea5bf06cd6b,doi:10.3389/fmats.2024.1501000,invalid_or_unresolved_phase_label;invalid_or_unresolved_phase_scope;missing_annotator;not_adjudicated;not_primary_experiment;review_sample_conditions_must_be_json_object
phase_annotation_060936634d0cc22a8036,doi:10.1021/acsaelm.1c00110,invalid_or_unresolved_phase_label;invalid_or_unresolved_phase_scope;missing_annotator;not_adjudicated;not_primary_experiment;review_sample_conditions_must_be_json_object
phase_annotation_0647153a9f3f81bb00ef,doi:10.1038/srep32931,invalid_or_unresolved_phase_label;invalid_or_unresolved_phase_scope;missing_annotator;not_adjudicated;not_primary_experiment;review_sample_conditions_must_be_json_object
phase_annotation_069a3b6cf1de29462349,doi:10.1039/d5mh00397k,invalid_or_unresolved_phase_label;invalid_or_unresolved_phase_scope;missing_annotator;not_adjudicated;not_primary_experiment;review_sample_conditions_must_be_json_object
phase_annotation_0773985f03ab355e95a7,doi:10.1038/s41467-023-37560-3,invalid_or_unresolved_phase_label;invalid_or_unresolved_phase_scope;missing_annotator;not_adjudicated;not_primary_experiment;review_sample_conditions_must_be_json_object
phase_annotation_0837e6ca90ba676c6284,paper:paper_61d535d135e7d56c,invalid_or_unresolved_phase_label;invalid_or_unresolved_phase_scope;missing_annotator;not_adjudicated;not_primary_experiment;review_sample_conditions_must_be_json_object
phase_annotation_0cce0023c5e62735022b,doi:10.21203/rs.3.rs-862950/v1,invalid_or_unresolved_phase_label;invalid_or_unresolved_phase_scope;missing_annotator;not_adjudicated;not_primary_experiment;review_sample_conditions_must_be_json_object
phase_annotation_0e91b7b5109a65cb0fce,paper:paper_0351139650966f74,invalid_or_unresolved_phase_label;invalid_or_unresolved_phase_scope;missing_annotator;not_adjudicated;not_primary_experiment;review_sample_conditions_must_be_json_object
phase_annotation_0f3e73c6d7196ad5a7fd,paper:paper_fd135524d0d4dccd,invalid_or_unresolved_phase_label;invalid_or_unresolved_phase_scope;missing_annotator;not_adjudicated;not_primary_experiment;review_sample_conditions_must_be_json_object
phase_annotation_122742bec0723b079428,doi:10.1038/s41699-021-00229-w,invalid_or_unresolved_phase_label;invalid_or_unresolved_phase_scope;missing_annotator;not_adjudicated;not_primary_experiment;review_sample_conditions_must_be_json_object
phase_annotation_1273b8e69737b033fb31,doi:10.1038/s41467-024-44690-9,invalid_or_unresolved_phase_label;invalid_or_unresolved_phase_scope;missing_annotator;not_adjudicated;not_primary_experiment;review_sample_conditions_must_be_json_object
phase_annotation_14a2f9a08c8f6acacc69,paper:paper_ab6df5724ace840f,invalid_or_unresolved_phase_label;invalid_or_unresolved_phase_scope;missing_annotator;not_adjudicated;not_primary_experiment;review_sample_conditions_must_be_json_object
phase_annotation_14f5c3442d8fd48f112e,doi:10.1016/j.apsusc.2022.153905,invalid_or_unresolved_phase_label;invalid_or_unresolved_phase_scope;missing_annotator;not_adjudicated;not_primary_experiment;review_sample_conditions_must_be_json_object
phase_annotation_15dc6e38c48153223127,doi:10.1038/s41524-026-02050-9,invalid_or_unresolved_phase_label;invalid_or_unresolved_phase_scope;missing_annotator;not_adjudicated;not_primary_experiment;review_sample_conditions_must_be_json_object
phase_annotation_1b78458f83e5a8c96d11,doi:10.1063/5.0064145,invalid_or_unresolved_phase_label;invalid_or_unresolved_phase_scope;missing_annotator;not_adjudicated;not_primary_experiment;review_sample_conditions_must_be_json_object
phase_annotation_1d08acf5fdb6597e5567,doi:10.1038/s41699-021-00229-w,invalid_or_unresolved_phase_label;invalid_or_unresolved_phase_scope;missing_annotator;not_adjudicated;not_primary_experiment;review_sample_conditions_must_be_json_object
phase_annotation_1d9f4bb0f531ddc43764,doi:10.3724/jfmd.2601009,invalid_or_unresolved_phase_label;invalid_or_unresolved_phase_scope;missing_annotator;not_adjudicated;not_primary_experiment;review_sample_conditions_must_be_json_object
phase_annotation_1e7fc8443456152bd51a,doi:10.1021/acsami.1c16873,invalid_or_unresolved_phase_label;invalid_or_unresolved_phase_scope;missing_annotator;not_adjudicated;not_primary_experiment;review_sample_conditions_must_be_json_object
phase_annotation_1f26fdb3af93987c6136,doi:10.1021/acsami.1c16873,invalid_or_unresolved_phase_label;invalid_or_unresolved_phase_scope;missing_annotator;not_adjudicated;not_primary_experiment;review_sample_conditions_must_be_json_object
phase_annotation_1fdb763b23fcf7972e42,doi:10.1038/s41467-025-62610-3,invalid_or_unresolved_phase_label;invalid_or_unresolved_phase_scope;missing_annotator;not_adjudicated;not_primary_experiment;review_sample_conditions_must_be_json_object
phase_annotation_2077d6ad8fc3ccd92e45,doi:10.1002/aelm.202100420,invalid_or_unresolved_phase_label;invalid_or_unresolved_phase_scope;missing_annotator;not_adjudicated;not_primary_experiment;review_sample_conditions_must_be_json_object
phase_annotation_23142c747dc3f9471f8c,doi:10.1038/s41467-025-63907-z,invalid_or_unresolved_phase_label;invalid_or_unresolved_phase_scope;missing_annotator;not_adjudicated;not_primary_experiment;review_sample_conditions_must_be_json_object
phase_annotation_241cc098fbc0d9bfa3e9,doi:10.1038/s41467-025-63298-1,invalid_or_unresolved_phase_label;invalid_or_unresolved_phase_scope;missing_annotator;not_adjudicated;not_primary_experiment;review_sample_conditions_must_be_json_object
phase_annotation_2a959b2d834ec3b02b84,doi:10.1038/s41598-024-80523-x,invalid_or_unresolved_phase_label;invalid_or_unresolved_phase_scope;missing_annotator;not_adjudicated;not_primary_experiment;review_sample_conditions_must_be_json_object
phase_annotation_2d87b24c5c72cbaad074,doi:10.1002/aelm.202400151,invalid_or_unresolved_phase_label;invalid_or_unresolved_phase_scope;missing_annotator;not_adjudicated;not_primary_experiment;review_sample_conditions_must_be_json_object
phase_annotation_2e139f20ad313e731c59,doi:10.1016/j.apmt.2022.101587,invalid_or_unresolved_phase_label;invalid_or_unresolved_phase_scope;missing_annotator;not_adjudicated;not_primary_experiment;review_sample_conditions_must_be_json_object
phase_annotation_2e241b215229a8cf4730,doi:10.1063/5.0064145,invalid_or_unresolved_phase_label;invalid_or_unresolved_phase_scope;missing_annotator;not_adjudicated;not_primary_experiment;review_sample_conditions_must_be_json_object
phase_annotation_2eed116faeb14b1b5385,doi:10.2109/jcersj2,invalid_or_unresolved_phase_label;invalid_or_unresolved_phase_scope;missing_annotator;not_adjudicated;not_primary_experiment;review_sample_conditions_must_be_json_object
phase_annotation_30aad931dd4003344450,doi:10.1109/jeds.2023.3336077,invalid_or_unresolved_phase_label;invalid_or_unresolved_phase_scope;missing_annotator;not_adjudicated;not_primary_experiment;review_sample_conditions_must_be_json_object
phase_annotation_31eee90b018cb242489d,doi:10.1002/aelm.202400151,invalid_or_unresolved_phase_label;invalid_or_unresolved_phase_scope;missing_annotator;not_adjudicated;not_primary_experiment;review_sample_conditions_must_be_json_object
phase_annotation_31fc5f19943ebba7e607,doi:10.15407/spqeo28.02.134,invalid_or_unresolved_phase_label;invalid_or_unresolved_phase_scope;missing_annotator;not_adjudicated;not_primary_experiment;review_sample_conditions_must_be_json_object
phase_annotation_3451586dd2ab4f5333e5,doi:10.1038/s41467-020-15159-2,invalid_or_unresolved_phase_label;invalid_or_unresolved_phase_scope;missing_annotator;not_adjudicated;not_primary_experiment;review_sample_conditions_must_be_json_object
phase_annotation_38a596884a1bff4f5db6,paper:paper_fd135524d0d4dccd,invalid_or_unresolved_phase_label;invalid_or_unresolved_phase_scope;missing_annotator;not_adjudicated;not_primary_experiment;review_sample_conditions_must_be_json_object
phase_annotation_39655fcd2f8458af6417,doi:10.26599/jac.2024.9220981,invalid_or_unresolved_phase_label;invalid_or_unresolved_phase_scope;missing_annotator;not_adjudicated;not_primary_experiment;review_sample_conditions_must_be_json_object
phase_annotation_3a479c83ac273a60adb3,doi:10.1039/d4nr05381h,invalid_or_unresolved_phase_label;invalid_or_unresolved_phase_scope;missing_annotator;not_adjudicated;not_primary_experiment;review_sample_conditions_must_be_json_object
phase_annotation_3d398d265ca561256aff,doi:10.21203/rs.3.rs-3175577/v1,invalid_or_unresolved_phase_label;invalid_or_unresolved_phase_scope;missing_annotator;not_adjudicated;not_primary_experiment;review_sample_conditions_must_be_json_object
phase_annotation_3e1110ef18241ec2830c,doi:10.1021/acsnano.4c01992,invalid_or_unresolved_phase_label;invalid_or_unresolved_phase_scope;missing_annotator;not_adjudicated;not_primary_experiment;review_sample_conditions_must_be_json_object
phase_annotation_43150449cd8b4460df0a,doi:10.1039/d1tc02512k,invalid_or_unresolved_phase_label;invalid_or_unresolved_phase_scope;missing_annotator;not_adjudicated;not_primary_experiment;review_sample_conditions_must_be_json_object
phase_annotation_439c88d1947753c67591,doi:10.1186/s40580-022-00334-6,invalid_or_unresolved_phase_label;invalid_or_unresolved_phase_scope;missing_annotator;not_adjudicated;not_primary_experiment;review_sample_conditions_must_be_json_object
phase_annotation_466484de8d4d09640d29,doi:10.1002/aelm.202200601,invalid_or_unresolved_phase_label;invalid_or_unresolved_phase_scope;missing_annotator;not_adjudicated;not_primary_experiment;review_sample_conditions_must_be_json_object
phase_annotation_49a24ed9740ab84cd9ca,paper:paper_9a76a71a497dddcb,invalid_or_unresolved_phase_label;invalid_or_unresolved_phase_scope;missing_annotator;not_adjudicated;not_primary_experiment;review_sample_conditions_must_be_json_object
phase_annotation_4a9ce1d511b03a615d2b,doi:10.1021/acs.cgd.0c00095,invalid_or_unresolved_phase_label;invalid_or_unresolved_phase_scope;missing_annotator;not_adjudicated;not_primary_experiment;review_sample_conditions_must_be_json_object
phase_annotation_4aa0291196d9c5e8406e,doi:10.1021/acsaelm.3c01856,invalid_or_unresolved_phase_label;invalid_or_unresolved_phase_scope;missing_annotator;not_adjudicated;not_primary_experiment;review_sample_conditions_must_be_json_object
phase_annotation_4c69d52fcc270dd880cf,doi:10.1088/1674-1056/aca9c6,invalid_or_unresolved_phase_label;invalid_or_unresolved_phase_scope;missing_annotator;not_adjudicated;not_primary_experiment;review_sample_conditions_must_be_json_object
phase_annotation_4f04f19b2005092208c0,doi:10.1038/srep32931,invalid_or_unresolved_phase_label;invalid_or_unresolved_phase_scope;missing_annotator;not_adjudicated;not_primary_experiment;review_sample_conditions_must_be_json_object
phase_annotation_512b465587da02920e6e,doi:10.1021/acsaelm.1c00110,invalid_or_unresolved_phase_label;invalid_or_unresolved_phase_scope;missing_annotator;not_adjudicated;not_primary_experiment;review_sample_conditions_must_be_json_object
phase_annotation_512f22ae42030a77bb0e,paper:paper_099ee60530300d71,invalid_or_unresolved_phase_label;invalid_or_unresolved_phase_scope;missing_annotator;not_adjudicated;not_primary_experiment;review_sample_conditions_must_be_json_object
phase_annotation_5236641c477e5ee10fc8,doi:10.1016/j.jmat.2023.05.010,invalid_or_unresolved_phase_label;invalid_or_unresolved_phase_scope;missing_annotator;not_adjudicated;not_primary_experiment;review_sample_conditions_must_be_json_object
phase_annotation_57fd8f478a8b34892a3e,doi:10.1039/d0nr02204g,invalid_or_unresolved_phase_label;invalid_or_unresolved_phase_scope;missing_annotator;not_adjudicated;not_primary_experiment;review_sample_conditions_must_be_json_object
phase_annotation_5abe8b08b35904c5f2d0,doi:10.1038/s41467-025-63298-1,invalid_or_unresolved_phase_label;invalid_or_unresolved_phase_scope;missing_annotator;not_adjudicated;not_primary_experiment;review_sample_conditions_must_be_json_object
phase_annotation_5f452830f3493e228eff,paper:paper_8a555a6aed5b7034,invalid_or_unresolved_phase_label;invalid_or_unresolved_phase_scope;missing_annotator;not_adjudicated;not_primary_experiment;review_sample_conditions_must_be_json_object
phase_annotation_601a0c2905f0d3d120b7,doi:10.1038/s41467-020-15159-2,invalid_or_unresolved_phase_label;invalid_or_unresolved_phase_scope;missing_annotator;not_adjudicated;not_primary_experiment;review_sample_conditions_must_be_json_object
phase_annotation_6040a2a93894677d6c02,doi:10.1002/pssr.202100583,invalid_or_unresolved_phase_label;invalid_or_unresolved_phase_scope;missing_annotator;not_adjudicated;not_primary_experiment;review_sample_conditions_must_be_json_object
phase_annotation_6065097aee3f57f453ff,doi:10.1002/aelm.202300016,invalid_or_unresolved_phase_label;invalid_or_unresolved_phase_scope;missing_annotator;not_adjudicated;not_primary_experiment;review_sample_conditions_must_be_json_object
phase_annotation_62334d3ecc3fef5f4d32,paper:paper_8a555a6aed5b7034,invalid_or_unresolved_phase_label;invalid_or_unresolved_phase_scope;missing_annotator;not_adjudicated;not_primary_experiment;review_sample_conditions_must_be_json_object
phase_annotation_65bc8e29d3c42540cac6,doi:10.1039/d4nr05381h,invalid_or_unresolved_phase_label;invalid_or_unresolved_phase_scope;missing_annotator;not_adjudicated;not_primary_experiment;review_sample_conditions_must_be_json_object
phase_annotation_67ea0086446bf988c653,doi:10.1109/jeds.2021.3129279,invalid_or_unresolved_phase_label;invalid_or_unresolved_phase_scope;missing_annotator;not_adjudicated;not_primary_experiment;review_sample_conditions_must_be_json_object
phase_annotation_6803a7237e34580b9fb9,doi:10.1038/s41467-026-69634-3,invalid_or_unresolved_phase_label;invalid_or_unresolved_phase_scope;missing_annotator;not_adjudicated;not_primary_experiment;review_sample_conditions_must_be_json_object
phase_annotation_6901f06f172ea8de81de,doi:10.1002/aelm.202400151,invalid_or_unresolved_phase_label;invalid_or_unresolved_phase_scope;missing_annotator;not_adjudicated;not_primary_experiment;review_sample_conditions_must_be_json_object
phase_annotation_6a8b0b93c8aaa9d3a143,doi:10.1038/s41467-025-57963-8,invalid_or_unresolved_phase_label;invalid_or_unresolved_phase_scope;missing_annotator;not_adjudicated;not_primary_experiment;review_sample_conditions_must_be_json_object
phase_annotation_6c4e054670f4c87fcb35,doi:10.1021/acsami.4c17978,invalid_or_unresolved_phase_label;invalid_or_unresolved_phase_scope;missing_annotator;not_adjudicated;not_primary_experiment;review_sample_conditions_must_be_json_object
phase_annotation_6cf91152ab251445e03a,paper:paper_fd135524d0d4dccd,invalid_or_unresolved_phase_label;invalid_or_unresolved_phase_scope;missing_annotator;not_adjudicated;not_primary_experiment;review_sample_conditions_must_be_json_object
phase_annotation_6d0fbbf1355e61e7cac2,doi:10.31438/trf.hh2022.84,invalid_or_unresolved_phase_label;invalid_or_unresolved_phase_scope;missing_annotator;not_adjudicated;not_primary_experiment;review_sample_conditions_must_be_json_object
phase_annotation_6e3c506a5404575b7051,doi:10.1038/s41467-025-63298-1,invalid_or_unresolved_phase_label;invalid_or_unresolved_phase_scope;missing_annotator;not_adjudicated;not_primary_experiment;review_sample_conditions_must_be_json_object
phase_annotation_6e6a8923340d8013383f,doi:10.1186/s40580-024-00461-2,invalid_or_unresolved_phase_label;invalid_or_unresolved_phase_scope;missing_annotator;not_adjudicated;not_primary_experiment;review_sample_conditions_must_be_json_object
phase_annotation_6f98089f5b83c9647958,doi:10.3389/fmats.2024.1501000,invalid_or_unresolved_phase_label;invalid_or_unresolved_phase_scope;missing_annotator;not_adjudicated;not_primary_experiment;review_sample_conditions_must_be_json_object
phase_annotation_7123418d034d6d26b612,doi:10.1088/1361-6528/ac4679,invalid_or_unresolved_phase_label;invalid_or_unresolved_phase_scope;missing_annotator;not_adjudicated;not_primary_experiment;review_sample_conditions_must_be_json_object
phase_annotation_71bb7ff47b08d0aae64d,paper:paper_fd135524d0d4dccd,invalid_or_unresolved_phase_label;invalid_or_unresolved_phase_scope;missing_annotator;not_adjudicated;not_primary_experiment;review_sample_conditions_must_be_json_object
phase_annotation_71bdcb1c2e7fc1cc17d8,doi:10.1038/s41467-022-28236-5,invalid_or_unresolved_phase_label;invalid_or_unresolved_phase_scope;missing_annotator;not_adjudicated;not_primary_experiment;review_sample_conditions_must_be_json_object
phase_annotation_724d7f1eca857ac76ef7,doi:10.1038/s41524-025-01865-2,invalid_or_unresolved_phase_label;invalid_or_unresolved_phase_scope;missing_annotator;not_adjudicated;not_primary_experiment;review_sample_conditions_must_be_json_object
phase_annotation_755cd35657bf40e014ab,doi:10.1021/acsaelm.1c00110,invalid_or_unresolved_phase_label;invalid_or_unresolved_phase_scope;missing_annotator;not_adjudicated;not_primary_experiment;review_sample_conditions_must_be_json_object
phase_annotation_79362343da2eb7729248,doi:10.1021/acsnano.4c01992,invalid_or_unresolved_phase_label;invalid_or_unresolved_phase_scope;missing_annotator;not_adjudicated;not_primary_experiment;review_sample_conditions_must_be_json_object
phase_annotation_79dc75e7e4d14b81ccad,paper:paper_86c4e94e51580e63,invalid_or_unresolved_phase_label;invalid_or_unresolved_phase_scope;missing_annotator;not_adjudicated;not_primary_experiment;review_sample_conditions_must_be_json_object
phase_annotation_7bde99287c8679cd7735,doi:10.1063/5.0064145,invalid_or_unresolved_phase_label;invalid_or_unresolved_phase_scope;missing_annotator;not_adjudicated;not_primary_experiment;review_sample_conditions_must_be_json_object
phase_annotation_7fd95323929116f934d7,paper:paper_cd432dad0e893556,invalid_or_unresolved_phase_label;invalid_or_unresolved_phase_scope;missing_annotator;not_adjudicated;not_primary_experiment;review_sample_conditions_must_be_json_object
phase_annotation_816fa8ec189e28e1ce60,paper:paper_2d3453690487baae,invalid_or_unresolved_phase_label;invalid_or_unresolved_phase_scope;missing_annotator;not_adjudicated;not_primary_experiment;review_sample_conditions_must_be_json_object
phase_annotation_81d3b58f0d2a16de1638,doi:10.1038/s41598-025-30961-y,invalid_or_unresolved_phase_label;invalid_or_unresolved_phase_scope;missing_annotator;not_adjudicated;not_primary_experiment;review_sample_conditions_must_be_json_object
phase_annotation_84b0a0af22d0dc59f817,doi:10.2109/jcersj2.18104,invalid_or_unresolved_phase_label;invalid_or_unresolved_phase_scope;missing_annotator;not_adjudicated;not_primary_experiment;review_sample_conditions_must_be_json_object
phase_annotation_85eb50f0b7fda102a934,doi:10.1016/j.apmt.2022.101587,invalid_or_unresolved_phase_label;invalid_or_unresolved_phase_scope;missing_annotator;not_adjudicated;not_primary_experiment;review_sample_conditions_must_be_json_object
phase_annotation_8960b527cdb0106d0324,doi:10.1002/adma.202503852,invalid_or_unresolved_phase_label;invalid_or_unresolved_phase_scope;missing_annotator;not_adjudicated;not_primary_experiment;review_sample_conditions_must_be_json_object
phase_annotation_8c037f65f9c15f018d07,doi:10.26599/nr.2026.94908815,invalid_or_unresolved_phase_label;invalid_or_unresolved_phase_scope;missing_annotator;not_adjudicated;not_primary_experiment;review_sample_conditions_must_be_json_object
phase_annotation_9a69f92a8f4fd9b8daef,paper:paper_c63d908008dae1f1,invalid_or_unresolved_phase_label;invalid_or_unresolved_phase_scope;missing_annotator;not_adjudicated;not_primary_experiment;review_sample_conditions_must_be_json_object
phase_annotation_9c19aaddff89c6ab1895,doi:10.1002/aelm.202100420,invalid_or_unresolved_phase_label;invalid_or_unresolved_phase_scope;missing_annotator;not_adjudicated;not_primary_experiment;review_sample_conditions_must_be_json_object
phase_annotation_a14b6b03fe7eb65ff9a7,doi:10.1002/pssr.70167,invalid_or_unresolved_phase_label;invalid_or_unresolved_phase_scope;missing_annotator;not_adjudicated;not_primary_experiment;review_sample_conditions_must_be_json_object
phase_annotation_a24e01fe78eac5a055a4,paper:paper_9a76a71a497dddcb,invalid_or_unresolved_phase_label;invalid_or_unresolved_phase_scope;missing_annotator;not_adjudicated;not_primary_experiment;review_sample_conditions_must_be_json_object
phase_annotation_a38c674b1fd05f0de4d3,doi:10.1063/5.0083656,invalid_or_unresolved_phase_label;invalid_or_unresolved_phase_scope;missing_annotator;not_adjudicated;not_primary_experiment;review_sample_conditions_must_be_json_object
phase_annotation_a56ce8a04b6d62bebccf,doi:10.1039/d1tc02512k,invalid_or_unresolved_phase_label;invalid_or_unresolved_phase_scope;missing_annotator;not_adjudicated;not_primary_experiment;review_sample_conditions_must_be_json_object
phase_annotation_a58ef9138448a6b082c1,doi:10.1038/s41598-026-43896-9,invalid_or_unresolved_phase_label;invalid_or_unresolved_phase_scope;missing_annotator;not_adjudicated;not_primary_experiment;review_sample_conditions_must_be_json_object
phase_annotation_a665977f5748124ac4e5,doi:10.1002/aelm.202300522,invalid_or_unresolved_phase_label;invalid_or_unresolved_phase_scope;missing_annotator;not_adjudicated;not_primary_experiment;review_sample_conditions_must_be_json_object
phase_annotation_a776b09fb18909c95adf,doi:10.1021/acsnano.5c16255,invalid_or_unresolved_phase_label;invalid_or_unresolved_phase_scope;missing_annotator;not_adjudicated;not_primary_experiment;review_sample_conditions_must_be_json_object
phase_annotation_acc2255969bb86824b8d,doi:10.1021/acsnano.4c01992,invalid_or_unresolved_phase_label;invalid_or_unresolved_phase_scope;missing_annotator;not_adjudicated;not_primary_experiment;review_sample_conditions_must_be_json_object
phase_annotation_ad11d38385c8aec848b4,paper:paper_0380087a65854362,invalid_or_unresolved_phase_label;invalid_or_unresolved_phase_scope;missing_annotator;not_adjudicated;not_primary_experiment;review_sample_conditions_must_be_json_object
phase_annotation_af062219a751a9f55ffe,paper:paper_c63d908008dae1f1,invalid_or_unresolved_phase_label;invalid_or_unresolved_phase_scope;missing_annotator;not_adjudicated;not_primary_experiment;review_sample_conditions_must_be_json_object
phase_annotation_b3f45740ce0d775fb7aa,doi:10.1021/acsnano.5c16255,invalid_or_unresolved_phase_label;invalid_or_unresolved_phase_scope;missing_annotator;not_adjudicated;not_primary_experiment;review_sample_conditions_must_be_json_object
phase_annotation_b411c03d40a396136f82,doi:10.1038/s41467-023-37560-3,invalid_or_unresolved_phase_label;invalid_or_unresolved_phase_scope;missing_annotator;not_adjudicated;not_primary_experiment;review_sample_conditions_must_be_json_object
phase_annotation_b787a12319640af2f18a,doi:10.1038/s41586-022-04425-6,invalid_or_unresolved_phase_label;invalid_or_unresolved_phase_scope;missing_annotator;not_adjudicated;not_primary_experiment;review_sample_conditions_must_be_json_object
phase_annotation_b80f1ee924eda7e2f1e1,doi:10.1063/1.5110894,invalid_or_unresolved_phase_label;invalid_or_unresolved_phase_scope;missing_annotator;not_adjudicated;not_primary_experiment;review_sample_conditions_must_be_json_object
phase_annotation_ba7da45e6e14987592fc,doi:10.1063/1.5096002,invalid_or_unresolved_phase_label;invalid_or_unresolved_phase_scope;missing_annotator;not_adjudicated;not_primary_experiment;review_sample_conditions_must_be_json_object
phase_annotation_c24c474c3c4bbcfea6b7,paper:paper_1fa60ea6f0cadae2,invalid_or_unresolved_phase_label;invalid_or_unresolved_phase_scope;missing_annotator;not_adjudicated;not_primary_experiment;review_sample_conditions_must_be_json_object
phase_annotation_c31f793721a0056c6fbc,doi:10.1021/acsaelm.9b00256,invalid_or_unresolved_phase_label;invalid_or_unresolved_phase_scope;missing_annotator;not_adjudicated;not_primary_experiment;review_sample_conditions_must_be_json_object
phase_annotation_c81998b4c716367adedd,doi:10.1002/aelm.202300877,invalid_or_unresolved_phase_label;invalid_or_unresolved_phase_scope;missing_annotator;not_adjudicated;not_primary_experiment;review_sample_conditions_must_be_json_object
phase_annotation_c844ade0120fbaae05e6,doi:10.1063/5.0142789,invalid_or_unresolved_phase_label;invalid_or_unresolved_phase_scope;missing_annotator;not_adjudicated;not_primary_experiment;review_sample_conditions_must_be_json_object
phase_annotation_cd07d63e37a8a33f95c6,paper:paper_9a76a71a497dddcb,invalid_or_unresolved_phase_label;invalid_or_unresolved_phase_scope;missing_annotator;not_adjudicated;not_primary_experiment;review_sample_conditions_must_be_json_object
phase_annotation_d1bbb12d8b4de0a775e6,paper:paper_00354b4574e13957,invalid_or_unresolved_phase_label;invalid_or_unresolved_phase_scope;missing_annotator;not_adjudicated;not_primary_experiment;review_sample_conditions_must_be_json_object
phase_annotation_d404e15c2249bc8c6c3c,paper:paper_fd135524d0d4dccd,invalid_or_unresolved_phase_label;invalid_or_unresolved_phase_scope;missing_annotator;not_adjudicated;not_primary_experiment;review_sample_conditions_must_be_json_object
phase_annotation_d494916513b90fbe7f1f,paper:paper_86c4e94e51580e63,invalid_or_unresolved_phase_label;invalid_or_unresolved_phase_scope;missing_annotator;not_adjudicated;not_primary_experiment;review_sample_conditions_must_be_json_object
phase_annotation_d540755288b97dff3977,doi:10.1038/s41598-025-02281-8,invalid_or_unresolved_phase_label;invalid_or_unresolved_phase_scope;missing_annotator;not_adjudicated;not_primary_experiment;review_sample_conditions_must_be_json_object
phase_annotation_db147747aaf97544adc2,doi:10.1038/s41467-023-37560-3,invalid_or_unresolved_phase_label;invalid_or_unresolved_phase_scope;missing_annotator;not_adjudicated;not_primary_experiment;review_sample_conditions_must_be_json_object
phase_annotation_e0276c9e96018e1a2c65,paper:paper_bdb35ae2eea26194,invalid_or_unresolved_phase_label;invalid_or_unresolved_phase_scope;missing_annotator;not_adjudicated;not_primary_experiment;review_sample_conditions_must_be_json_object
phase_annotation_e18f57568a250ce12c02,paper:paper_a4b9633894c5adc9,invalid_or_unresolved_phase_label;invalid_or_unresolved_phase_scope;missing_annotator;not_adjudicated;not_primary_experiment;review_sample_conditions_must_be_json_object
phase_annotation_e490a3222a53ffa504e7,doi:10.35848/1347-4065/ad9eb9,invalid_or_unresolved_phase_label;invalid_or_unresolved_phase_scope;missing_annotator;not_adjudicated;not_primary_experiment;review_sample_conditions_must_be_json_object
phase_annotation_e62cdd7208d15efe221b,doi:10.1039/d4nr05381h,invalid_or_unresolved_phase_label;invalid_or_unresolved_phase_scope;missing_annotator;not_adjudicated;not_primary_experiment;review_sample_conditions_must_be_json_object
phase_annotation_e87fd2f1dac698f3f086,paper:paper_bdb35ae2eea26194,invalid_or_unresolved_phase_label;invalid_or_unresolved_phase_scope;missing_annotator;not_adjudicated;not_primary_experiment;review_sample_conditions_must_be_json_object
phase_annotation_e9cdb43758ef50583cc0,doi:10.1007/s44275-025-00039-y,invalid_or_unresolved_phase_label;invalid_or_unresolved_phase_scope;missing_annotator;not_adjudicated;not_primary_experiment;review_sample_conditions_must_be_json_object
phase_annotation_ea4e521ae88fe44d21d4,doi:10.1038/s41467-025-61758-2,invalid_or_unresolved_phase_label;invalid_or_unresolved_phase_scope;missing_annotator;not_adjudicated;not_primary_experiment;review_sample_conditions_must_be_json_object
phase_annotation_f5701d4121b98ffe4a73,doi:10.1002/adfm.202409095,invalid_or_unresolved_phase_label;invalid_or_unresolved_phase_scope;missing_annotator;not_adjudicated;not_primary_experiment;review_sample_conditions_must_be_json_object
phase_annotation_f72a64203a5bedfeb3f0,doi:10.1002/advs.202519686,invalid_or_unresolved_phase_label;invalid_or_unresolved_phase_scope;missing_annotator;not_adjudicated;not_primary_experiment;review_sample_conditions_must_be_json_object
phase_annotation_f7cff9f208ff5a48821c,doi:10.26599/jac.2024.9220981,invalid_or_unresolved_phase_label;invalid_or_unresolved_phase_scope;missing_annotator;not_adjudicated;not_primary_experiment;review_sample_conditions_must_be_json_object
phase_annotation_f7d9dce1c4e28000f10d,doi:10.1038/s41467-025-61758-2,invalid_or_unresolved_phase_label;invalid_or_unresolved_phase_scope;missing_annotator;not_adjudicated;not_primary_experiment;review_sample_conditions_must_be_json_object
phase_annotation_f82e11a24e41d1b77b8e,doi:10.1002/admi.202202232,invalid_or_unresolved_phase_label;invalid_or_unresolved_phase_scope;missing_annotator;not_adjudicated;not_primary_experiment;review_sample_conditions_must_be_json_object
phase_annotation_fec484861245451a8c34,paper:paper_11a13ba725c2c8ca,invalid_or_unresolved_phase_label;invalid_or_unresolved_phase_scope;missing_annotator;not_adjudicated;not_primary_experiment;review_sample_conditions_must_be_json_object
phase_annotation_0af691d70f5e9d7c2997,doi:10.1021/acsaelm.5c02359,invalid_or_unresolved_phase_label;invalid_or_unresolved_phase_scope;missing_annotator;not_adjudicated;not_primary_experiment;review_sample_conditions_must_be_json_object
phase_annotation_139cdaeb63a24903ac54,doi:10.1038/s41524-026-02046-5,invalid_or_unresolved_phase_label;invalid_or_unresolved_phase_scope;missing_annotator;not_adjudicated;not_primary_experiment;review_sample_conditions_must_be_json_object
phase_annotation_221fe4f6dd0cdc5e081c,doi:10.1109/jeds.2024.3365150,invalid_or_unresolved_phase_label;invalid_or_unresolved_phase_scope;missing_annotator;not_adjudicated;not_primary_experiment;review_sample_conditions_must_be_json_object
phase_annotation_28b81e9a4e8ae8c6d06e,paper:paper_20670e954aeb0055,invalid_or_unresolved_phase_label;invalid_or_unresolved_phase_scope;missing_annotator;not_adjudicated;not_primary_experiment;review_sample_conditions_must_be_json_object
phase_annotation_33e5236932fc572c1f47,doi:10.1002/aelm.202500402,invalid_or_unresolved_phase_label;invalid_or_unresolved_phase_scope;missing_annotator;not_adjudicated;not_primary_experiment;review_sample_conditions_must_be_json_object
phase_annotation_35fb838f88e56e18d35d,doi:10.1038/s41467-021-27480-5,invalid_or_unresolved_phase_label;invalid_or_unresolved_phase_scope;missing_annotator;not_adjudicated;not_primary_experiment;review_sample_conditions_must_be_json_object
phase_annotation_37804ca0ef7a1696e328,doi:10.1051/epjconf/202635701005,invalid_or_unresolved_phase_label;invalid_or_unresolved_phase_scope;missing_annotator;not_adjudicated;not_primary_experiment;review_sample_conditions_must_be_json_object
phase_annotation_398dca43d0d3b54d25b5,paper:paper_e47f6661c9bb4ce9,invalid_or_unresolved_phase_label;invalid_or_unresolved_phase_scope;missing_annotator;not_adjudicated;not_primary_experiment;review_sample_conditions_must_be_json_object
phase_annotation_3dfe6baa602b240d0b34,paper:paper_27dd52e1c7cd30e3,invalid_or_unresolved_phase_label;invalid_or_unresolved_phase_scope;missing_annotator;not_adjudicated;not_primary_experiment;review_sample_conditions_must_be_json_object
phase_annotation_4072d01f1dd9a3506f1a,doi:10.2109/jcersj2.23203,invalid_or_unresolved_phase_label;invalid_or_unresolved_phase_scope;missing_annotator;not_adjudicated;not_primary_experiment;review_sample_conditions_must_be_json_object
phase_annotation_40e50f6c5d00c8486ed8,doi:10.1039/d4tc00061g,invalid_or_unresolved_phase_label;invalid_or_unresolved_phase_scope;missing_annotator;not_adjudicated;not_primary_experiment;review_sample_conditions_must_be_json_object
phase_annotation_508bfd9521f9db34beeb,doi:10.1002/advs.202519686,invalid_or_unresolved_phase_label;invalid_or_unresolved_phase_scope;missing_annotator;not_adjudicated;not_primary_experiment;review_sample_conditions_must_be_json_object
phase_annotation_55967e9309096d31d2f2,doi:10.1039/d4nr04861j,invalid_or_unresolved_phase_label;invalid_or_unresolved_phase_scope;missing_annotator;not_adjudicated;not_primary_experiment;review_sample_conditions_must_be_json_object
phase_annotation_5d6beb7fd08692460c5c,doi:10.35848/1347-4065/ad9eb9,invalid_or_unresolved_phase_label;invalid_or_unresolved_phase_scope;missing_annotator;not_adjudicated;not_primary_experiment;review_sample_conditions_must_be_json_object
phase_annotation_7333dd168c35ca69a922,doi:10.1038/s41524-026-02046-5,invalid_or_unresolved_phase_label;invalid_or_unresolved_phase_scope;missing_annotator;not_adjudicated;not_primary_experiment;review_sample_conditions_must_be_json_object
phase_annotation_7e05133f7291b2b572cf,doi:10.1186/s40580-022-00344-4,invalid_or_unresolved_phase_label;invalid_or_unresolved_phase_scope;missing_annotator;not_adjudicated;not_primary_experiment;review_sample_conditions_must_be_json_object
phase_annotation_8f21bf679c1bb41ea8fd,doi:10.1038/s41467-026-72456-y,invalid_or_unresolved_phase_label;invalid_or_unresolved_phase_scope;missing_annotator;not_adjudicated;not_primary_experiment;review_sample_conditions_must_be_json_object
phase_annotation_a19d9a35689207e466d3,paper:paper_50777442fdff4cfd,invalid_or_unresolved_phase_label;invalid_or_unresolved_phase_scope;missing_annotator;not_adjudicated;not_primary_experiment;review_sample_conditions_must_be_json_object
phase_annotation_a67beb72e69a02e8ce3c,doi:10.1039/d4nr05381h,invalid_or_unresolved_phase_label;invalid_or_unresolved_phase_scope;missing_annotator;not_adjudicated;not_primary_experiment;review_sample_conditions_must_be_json_object
phase_annotation_af52128b9d207dad26ba,doi:10.1109/jeds.2021.3129279,invalid_or_unresolved_phase_label;invalid_or_unresolved_phase_scope;missing_annotator;not_adjudicated;not_primary_experiment;review_sample_conditions_must_be_json_object
phase_annotation_beb6277e0e21ffb09212,paper:paper_11a13ba725c2c8ca,invalid_or_unresolved_phase_label;invalid_or_unresolved_phase_scope;missing_annotator;not_adjudicated;not_primary_experiment;review_sample_conditions_must_be_json_object
phase_annotation_e7948cea11774c140ff5,paper:paper_9a76a71a497dddcb,invalid_or_unresolved_phase_label;invalid_or_unresolved_phase_scope;missing_annotator;not_adjudicated;not_primary_experiment;review_sample_conditions_must_be_json_object
phase_annotation_fc13da2aa1ab7d60782e,doi:10.1039/d4tc00061g,invalid_or_unresolved_phase_label;invalid_or_unresolved_phase_scope;missing_annotator;not_adjudicated;not_primary_experiment;review_sample_conditions_must_be_json_object
phase_annotation_ff130987ff1ef323278c,paper:paper_407f82d79c775cf3,invalid_or_unresolved_phase_label;invalid_or_unresolved_phase_scope;missing_annotator;not_adjudicated;not_primary_experiment;review_sample_conditions_must_be_json_object
phase_annotation_108563b48ceb621b15fe,paper:paper_4b4dee9010fe8dfc,invalid_or_unresolved_phase_label;invalid_or_unresolved_phase_scope;missing_annotator;not_adjudicated;not_primary_experiment;review_sample_conditions_must_be_json_object
phase_annotation_25747f2c2d7ab6199142,doi:10.3724/jfmd.2504018,invalid_or_unresolved_phase_label;invalid_or_unresolved_phase_scope;missing_annotator;not_adjudicated;not_primary_experiment;review_sample_conditions_must_be_json_object
phase_annotation_25b16120f67698fac79b,doi:10.1186/s11671-014-0711-4,invalid_or_unresolved_phase_label;invalid_or_unresolved_phase_scope;missing_annotator;not_adjudicated;not_primary_experiment;review_sample_conditions_must_be_json_object
phase_annotation_32f94857d9ca077904b6,doi:10.26599/nr.2026.94908815,invalid_or_unresolved_phase_label;invalid_or_unresolved_phase_scope;missing_annotator;not_adjudicated;not_primary_experiment;review_sample_conditions_must_be_json_object
phase_annotation_8977c18fc7541c62a7ef,doi:10.1039/d2tc00996j,invalid_or_unresolved_phase_label;invalid_or_unresolved_phase_scope;missing_annotator;not_adjudicated;not_primary_experiment;review_sample_conditions_must_be_json_object
phase_annotation_0003853a3cd91dbaa7bb,doi:10.1038/s41467-024-44690-9,invalid_or_unresolved_phase_label;invalid_or_unresolved_phase_scope;missing_annotator;not_adjudicated;not_primary_experiment;review_sample_conditions_must_be_json_object
phase_annotation_0057afebc9c5c644cc63,paper:paper_86c4e94e51580e63,invalid_or_unresolved_phase_label;invalid_or_unresolved_phase_scope;missing_annotator;not_adjudicated;not_primary_experiment;review_sample_conditions_must_be_json_object
phase_annotation_02cb2c3c5cdee04e8b36,doi:10.1002/adfm.201103119,invalid_or_unresolved_phase_label;invalid_or_unresolved_phase_scope;missing_annotator;not_adjudicated;not_primary_experiment;review_sample_conditions_must_be_json_object
phase_annotation_034669bc20ef2ca7a72f,doi:10.1002/adfm.202314396,invalid_or_unresolved_phase_label;invalid_or_unresolved_phase_scope;missing_annotator;not_adjudicated;not_primary_experiment;review_sample_conditions_must_be_json_object
phase_annotation_035c3973bbe4de4d4c02,paper:paper_c63d908008dae1f1,invalid_or_unresolved_phase_label;invalid_or_unresolved_phase_scope;missing_annotator;not_adjudicated;not_primary_experiment;review_sample_conditions_must_be_json_object
phase_annotation_0482d0cb2baa9070c25f,paper:paper_1f09537a05c8c444,invalid_or_unresolved_phase_label;invalid_or_unresolved_phase_scope;missing_annotator;not_adjudicated;not_primary_experiment;review_sample_conditions_must_be_json_object
phase_annotation_053a4c4bf995ce132e62,doi:10.1002/aelm.202300798,invalid_or_unresolved_phase_label;invalid_or_unresolved_phase_scope;missing_annotator;not_adjudicated;not_primary_experiment;review_sample_conditions_must_be_json_object
phase_annotation_060977a40d120327498e,paper:paper_20670e954aeb0055,invalid_or_unresolved_phase_label;invalid_or_unresolved_phase_scope;missing_annotator;not_adjudicated;not_primary_experiment;review_sample_conditions_must_be_json_object
phase_annotation_06bf1f2f1279d99aef57,doi:10.1021/acsami.4c17978,invalid_or_unresolved_phase_label;invalid_or_unresolved_phase_scope;missing_annotator;not_adjudicated;not_primary_experiment;review_sample_conditions_must_be_json_object
phase_annotation_07635b00772ad01d56f0,doi:10.26599/jac.2024.9220981,invalid_or_unresolved_phase_label;invalid_or_unresolved_phase_scope;missing_annotator;not_adjudicated;not_primary_experiment;review_sample_conditions_must_be_json_object
phase_annotation_08af44177bc8db9ed4a3,doi:10.1039/d3tc01145c,invalid_or_unresolved_phase_label;invalid_or_unresolved_phase_scope;missing_annotator;not_adjudicated;not_primary_experiment;review_sample_conditions_must_be_json_object
phase_annotation_09a67facaaa04a3235b2,paper:paper_20670e954aeb0055,invalid_or_unresolved_phase_label;invalid_or_unresolved_phase_scope;missing_annotator;not_adjudicated;not_primary_experiment;review_sample_conditions_must_be_json_object
phase_annotation_0bfb0455b0674c2c13f0,doi:10.1002/pssr.202100589,invalid_or_unresolved_phase_label;invalid_or_unresolved_phase_scope;missing_annotator;not_adjudicated;not_primary_experiment;review_sample_conditions_must_be_json_object
phase_annotation_0db7235c5a8e7bb62355,paper:paper_86c4e94e51580e63,invalid_or_unresolved_phase_label;invalid_or_unresolved_phase_scope;missing_annotator;not_adjudicated;not_primary_experiment;review_sample_conditions_must_be_json_object
phase_annotation_10857810fa381c3225c1,paper:paper_224895449efc7636,invalid_or_unresolved_phase_label;invalid_or_unresolved_phase_scope;missing_annotator;not_adjudicated;not_primary_experiment;review_sample_conditions_must_be_json_object
phase_annotation_10986212512ad71520d4,doi:10.1038/s41467-025-63907-z,invalid_or_unresolved_phase_label;invalid_or_unresolved_phase_scope;missing_annotator;not_adjudicated;not_primary_experiment;review_sample_conditions_must_be_json_object
phase_annotation_13d7f4de69d0af2ecef5,doi:10.1038/s41598-026-43896-9,invalid_or_unresolved_phase_label;invalid_or_unresolved_phase_scope;missing_annotator;not_adjudicated;not_primary_experiment;review_sample_conditions_must_be_json_object
phase_annotation_15b1708b8ef05eb4e8c0,doi:10.1007/s40843-022-2124-7,invalid_or_unresolved_phase_label;invalid_or_unresolved_phase_scope;missing_annotator;not_adjudicated;not_primary_experiment;review_sample_conditions_must_be_json_object
phase_annotation_15c90a1bccafdc95aff8,doi:10.1063/1.3636434,invalid_or_unresolved_phase_label;invalid_or_unresolved_phase_scope;missing_annotator;not_adjudicated;not_primary_experiment;review_sample_conditions_must_be_json_object
phase_annotation_162cf74f742e1a6cf233,doi:10.1038/s41467-026-69634-3,invalid_or_unresolved_phase_label;invalid_or_unresolved_phase_scope;missing_annotator;not_adjudicated;not_primary_experiment;review_sample_conditions_must_be_json_object
phase_annotation_16622443a3013c97ad1a,doi:10.1021/acsaelm.3c00756,invalid_or_unresolved_phase_label;invalid_or_unresolved_phase_scope;missing_annotator;not_adjudicated;not_primary_experiment;review_sample_conditions_must_be_json_object
phase_annotation_16663b3428dbe6e73e48,doi:10.21203/rs.3.rs-862950/v1,invalid_or_unresolved_phase_label;invalid_or_unresolved_phase_scope;missing_annotator;not_adjudicated;not_primary_experiment;review_sample_conditions_must_be_json_object
phase_annotation_16f26e6c46f1d7c2e376,doi:10.1038/s41467-020-15159-2,invalid_or_unresolved_phase_label;invalid_or_unresolved_phase_scope;missing_annotator;not_adjudicated;not_primary_experiment;review_sample_conditions_must_be_json_object
phase_annotation_18876dafe5ac7b1c9675,doi:10.1002/aelm.202400395,invalid_or_unresolved_phase_label;invalid_or_unresolved_phase_scope;missing_annotator;not_adjudicated;not_primary_experiment;review_sample_conditions_must_be_json_object
phase_annotation_1c3af67ca736596db2e4,doi:10.1088/1674-1056/aca9c6,invalid_or_unresolved_phase_label;invalid_or_unresolved_phase_scope;missing_annotator;not_adjudicated;not_primary_experiment;review_sample_conditions_must_be_json_object
phase_annotation_1ce61fb73cc8a8cdb333,paper:paper_2d3453690487baae,invalid_or_unresolved_phase_label;invalid_or_unresolved_phase_scope;missing_annotator;not_adjudicated;not_primary_experiment;review_sample_conditions_must_be_json_object
phase_annotation_22874976d44f2caf0063,doi:10.2109/jcersj2,invalid_or_unresolved_phase_label;invalid_or_unresolved_phase_scope;missing_annotator;not_adjudicated;not_primary_experiment;review_sample_conditions_must_be_json_object
phase_annotation_2355f60a46740c99d78a,doi:10.1002/aelm.202300016,invalid_or_unresolved_phase_label;invalid_or_unresolved_phase_scope;missing_annotator;not_adjudicated;not_primary_experiment;review_sample_conditions_must_be_json_object
phase_annotation_23fe6a9f145ef66c02ac,doi:10.1109/jeds.2023.3336077,invalid_or_unresolved_phase_label;invalid_or_unresolved_phase_scope;missing_annotator;not_adjudicated;not_primary_experiment;review_sample_conditions_must_be_json_object
phase_annotation_2768212fa44f02aa8b0f,doi:10.1109/tdmr.2026.3679333,invalid_or_unresolved_phase_label;invalid_or_unresolved_phase_scope;missing_annotator;not_adjudicated;not_primary_experiment;review_sample_conditions_must_be_json_object
phase_annotation_2a225b409ab79496b591,doi:10.1039/d4tc00061g,invalid_or_unresolved_phase_label;invalid_or_unresolved_phase_scope;missing_annotator;not_adjudicated;not_primary_experiment;review_sample_conditions_must_be_json_object
phase_annotation_2c2f346ea13d39d7da20,doi:10.1021/acsomega.5c01112,invalid_or_unresolved_phase_label;invalid_or_unresolved_phase_scope;missing_annotator;not_adjudicated;not_primary_experiment;review_sample_conditions_must_be_json_object
phase_annotation_2ec078d7874c83b19a9d,doi:10.1021/acsaelm.3c01856,invalid_or_unresolved_phase_label;invalid_or_unresolved_phase_scope;missing_annotator;not_adjudicated;not_primary_experiment;review_sample_conditions_must_be_json_object
phase_annotation_2f04adef3a67a103d616,doi:10.1007/s00339-026-09337-0,invalid_or_unresolved_phase_label;invalid_or_unresolved_phase_scope;missing_annotator;not_adjudicated;not_primary_experiment;review_sample_conditions_must_be_json_object
phase_annotation_311e03c0ae30fa7a3a0a,doi:10.1039/d1tc02512k,invalid_or_unresolved_phase_label;invalid_or_unresolved_phase_scope;missing_annotator;not_adjudicated;not_primary_experiment;review_sample_conditions_must_be_json_object
phase_annotation_317c34af668ab120626c,paper:paper_9a76a71a497dddcb,invalid_or_unresolved_phase_label;invalid_or_unresolved_phase_scope;missing_annotator;not_adjudicated;not_primary_experiment;review_sample_conditions_must_be_json_object
phase_annotation_36f9f4f5f60ec3eb0d2f,doi:10.1103/physrevmaterials.6.054403,invalid_or_unresolved_phase_label;invalid_or_unresolved_phase_scope;missing_annotator;not_adjudicated;not_primary_experiment;review_sample_conditions_must_be_json_object
phase_annotation_37f2a54f9f090611f1e0,doi:10.1039/c5nr05339k,invalid_or_unresolved_phase_label;invalid_or_unresolved_phase_scope;missing_annotator;not_adjudicated;not_primary_experiment;review_sample_conditions_must_be_json_object
phase_annotation_3979db09ceeb36387935,doi:10.1039/d1tc05387f,invalid_or_unresolved_phase_label;invalid_or_unresolved_phase_scope;missing_annotator;not_adjudicated;not_primary_experiment;review_sample_conditions_must_be_json_object
phase_annotation_39b3666554a179bfe3a4,paper:paper_2be5c67f777e4481,invalid_or_unresolved_phase_label;invalid_or_unresolved_phase_scope;missing_annotator;not_adjudicated;not_primary_experiment;review_sample_conditions_must_be_json_object
phase_annotation_4089da4512ed637a6163,doi:10.1038/s41467-026-72456-y,invalid_or_unresolved_phase_label;invalid_or_unresolved_phase_scope;missing_annotator;not_adjudicated;not_primary_experiment;review_sample_conditions_must_be_json_object
phase_annotation_4310876da663df2f65b1,doi:10.1038/s42005-022-00951-x,invalid_or_unresolved_phase_label;invalid_or_unresolved_phase_scope;missing_annotator;not_adjudicated;not_primary_experiment;review_sample_conditions_must_be_json_object
phase_annotation_443bd3b9ad899c7f795b,doi:10.1021/acsaelm.1c00110,invalid_or_unresolved_phase_label;invalid_or_unresolved_phase_scope;missing_annotator;not_adjudicated;not_primary_experiment;review_sample_conditions_must_be_json_object
phase_annotation_48c45ca83387d7d29ce5,paper:paper_00354b4574e13957,invalid_or_unresolved_phase_label;invalid_or_unresolved_phase_scope;missing_annotator;not_adjudicated;not_primary_experiment;review_sample_conditions_must_be_json_object
phase_annotation_49fd2d830856190f1e93,doi:10.1007/s44275-025-00039-y,invalid_or_unresolved_phase_label;invalid_or_unresolved_phase_scope;missing_annotator;not_adjudicated;not_primary_experiment;review_sample_conditions_must_be_json_object
phase_annotation_4a3cfda6c71b531626e5,paper:paper_2cb7a8a948275d36,invalid_or_unresolved_phase_label;invalid_or_unresolved_phase_scope;missing_annotator;not_adjudicated;not_primary_experiment;review_sample_conditions_must_be_json_object
phase_annotation_4a61b6cadd006a2e3b6c,doi:10.1063/5.0220110,invalid_or_unresolved_phase_label;invalid_or_unresolved_phase_scope;missing_annotator;not_adjudicated;not_primary_experiment;review_sample_conditions_must_be_json_object
phase_annotation_4b3e4b14360da5e3bd2d,doi:10.1063/1.5117358,invalid_or_unresolved_phase_label;invalid_or_unresolved_phase_scope;missing_annotator;not_adjudicated;not_primary_experiment;review_sample_conditions_must_be_json_object
phase_annotation_4facbdf7c1e45f02366e,paper:paper_20670e954aeb0055,invalid_or_unresolved_phase_label;invalid_or_unresolved_phase_scope;missing_annotator;not_adjudicated;not_primary_experiment;review_sample_conditions_must_be_json_object
phase_annotation_52500ec7d5ceba0e8f93,paper:paper_9a76a71a497dddcb,invalid_or_unresolved_phase_label;invalid_or_unresolved_phase_scope;missing_annotator;not_adjudicated;not_primary_experiment;review_sample_conditions_must_be_json_object
phase_annotation_536632eea490a17575a9,doi:10.1039/d1nr01535d,invalid_or_unresolved_phase_label;invalid_or_unresolved_phase_scope;missing_annotator;not_adjudicated;not_primary_experiment;review_sample_conditions_must_be_json_object
phase_annotation_5375544d73e741af1b33,doi:10.1186/s40580-022-00334-6,invalid_or_unresolved_phase_label;invalid_or_unresolved_phase_scope;missing_annotator;not_adjudicated;not_primary_experiment;review_sample_conditions_must_be_json_object
phase_annotation_548d031e91c80764199e,doi:10.1039/d1tc02512k,invalid_or_unresolved_phase_label;invalid_or_unresolved_phase_scope;missing_annotator;not_adjudicated;not_primary_experiment;review_sample_conditions_must_be_json_object
phase_annotation_56cd307b638c2b62a5bf,doi:10.1039/c5nr05339k,invalid_or_unresolved_phase_label;invalid_or_unresolved_phase_scope;missing_annotator;not_adjudicated;not_primary_experiment;review_sample_conditions_must_be_json_object
phase_annotation_5c91eeff8280ced6213c,doi:10.1039/d4nr05381h,invalid_or_unresolved_phase_label;invalid_or_unresolved_phase_scope;missing_annotator;not_adjudicated;not_primary_experiment;review_sample_conditions_must_be_json_object
phase_annotation_5d55a6a52cbca414d869,doi:10.1021/acs.cgd.0c00095,invalid_or_unresolved_phase_label;invalid_or_unresolved_phase_scope;missing_annotator;not_adjudicated;not_primary_experiment;review_sample_conditions_must_be_json_object
phase_annotation_5ef301ed6af3594a9b2c,doi:10.1002/aelm.202200601,invalid_or_unresolved_phase_label;invalid_or_unresolved_phase_scope;missing_annotator;not_adjudicated;not_primary_experiment;review_sample_conditions_must_be_json_object
phase_annotation_642d3619c757b924ee68,doi:10.1021/acsaelm.1c00110,invalid_or_unresolved_phase_label;invalid_or_unresolved_phase_scope;missing_annotator;not_adjudicated;not_primary_experiment;review_sample_conditions_must_be_json_object
phase_annotation_667f5b8872bcf7640d89,paper:paper_61d535d135e7d56c,invalid_or_unresolved_phase_label;invalid_or_unresolved_phase_scope;missing_annotator;not_adjudicated;not_primary_experiment;review_sample_conditions_must_be_json_object
phase_annotation_66f516c75f783e8d112d,doi:10.1021/acsaelm.0c00560,invalid_or_unresolved_phase_label;invalid_or_unresolved_phase_scope;missing_annotator;not_adjudicated;not_primary_experiment;review_sample_conditions_must_be_json_object
phase_annotation_683a01289d864627d6b2,doi:10.1016/j.nanoen.2025.111011,invalid_or_unresolved_phase_label;invalid_or_unresolved_phase_scope;missing_annotator;not_adjudicated;not_primary_experiment;review_sample_conditions_must_be_json_object
phase_annotation_6968b25e247887068290,doi:10.1016/j.jmat.2023.05.010,invalid_or_unresolved_phase_label;invalid_or_unresolved_phase_scope;missing_annotator;not_adjudicated;not_primary_experiment;review_sample_conditions_must_be_json_object
phase_annotation_6f4613de34b5b8c69b92,doi:10.1063/5.0029635,invalid_or_unresolved_phase_label;invalid_or_unresolved_phase_scope;missing_annotator;not_adjudicated;not_primary_experiment;review_sample_conditions_must_be_json_object
phase_annotation_70d0395c32874dc89654,doi:10.1039/d2tc04182k,invalid_or_unresolved_phase_label;invalid_or_unresolved_phase_scope;missing_annotator;not_adjudicated;not_primary_experiment;review_sample_conditions_must_be_json_object
phase_annotation_7214686c8f50e7405f24,paper:paper_7c0455687763e9df,invalid_or_unresolved_phase_label;invalid_or_unresolved_phase_scope;missing_annotator;not_adjudicated;not_primary_experiment;review_sample_conditions_must_be_json_object
phase_annotation_72e67da62be2ee923c38,doi:10.1039/d2na00427e,invalid_or_unresolved_phase_label;invalid_or_unresolved_phase_scope;missing_annotator;not_adjudicated;not_primary_experiment;review_sample_conditions_must_be_json_object
phase_annotation_7408bdecd898a3ba845a,doi:10.1088/1361-6528/ad263b,invalid_or_unresolved_phase_label;invalid_or_unresolved_phase_scope;missing_annotator;not_adjudicated;not_primary_experiment;review_sample_conditions_must_be_json_object
phase_annotation_756f86f9c8a1b420ad85,doi:10.1039/d3tc01145c,invalid_or_unresolved_phase_label;invalid_or_unresolved_phase_scope;missing_annotator;not_adjudicated;not_primary_experiment;review_sample_conditions_must_be_json_object
phase_annotation_7e35fd4dc8b38b29d516,doi:10.1038/s41467-024-47194-8,invalid_or_unresolved_phase_label;invalid_or_unresolved_phase_scope;missing_annotator;not_adjudicated;not_primary_experiment;review_sample_conditions_must_be_json_object
phase_annotation_7fdc4a3a5afad58fcc90,doi:10.1063/1.4973928,invalid_or_unresolved_phase_label;invalid_or_unresolved_phase_scope;missing_annotator;not_adjudicated;not_primary_experiment;review_sample_conditions_must_be_json_object
phase_annotation_80cb351c0d1c947c22d3,doi:10.1039/d1nr01535d,invalid_or_unresolved_phase_label;invalid_or_unresolved_phase_scope;missing_annotator;not_adjudicated;not_primary_experiment;review_sample_conditions_must_be_json_object
phase_annotation_813b13b443f21b4d475a,doi:10.20944/preprints202306.1740.v1,invalid_or_unresolved_phase_label;invalid_or_unresolved_phase_scope;missing_annotator;not_adjudicated;not_primary_experiment;review_sample_conditions_must_be_json_object
phase_annotation_8259d7a6a556c398d140,doi:10.1021/acsami.1c16873,invalid_or_unresolved_phase_label;invalid_or_unresolved_phase_scope;missing_annotator;not_adjudicated;not_primary_experiment;review_sample_conditions_must_be_json_object
phase_annotation_82c948362e797ae98909,doi:10.35848/1347-4065/ae6d08,invalid_or_unresolved_phase_label;invalid_or_unresolved_phase_scope;missing_annotator;not_adjudicated;not_primary_experiment;review_sample_conditions_must_be_json_object
phase_annotation_85132075d9a589cf83c0,doi:10.1002/pssr.202100033,invalid_or_unresolved_phase_label;invalid_or_unresolved_phase_scope;missing_annotator;not_adjudicated;not_primary_experiment;review_sample_conditions_must_be_json_object
phase_annotation_858d053528775c8e36b3,doi:10.21203/rs.3.rs-4739777/v1,invalid_or_unresolved_phase_label;invalid_or_unresolved_phase_scope;missing_annotator;not_adjudicated;not_primary_experiment;review_sample_conditions_must_be_json_object
phase_annotation_893cbea25f8579457291,paper:paper_9a76a71a497dddcb,invalid_or_unresolved_phase_label;invalid_or_unresolved_phase_scope;missing_annotator;not_adjudicated;not_primary_experiment;review_sample_conditions_must_be_json_object
phase_annotation_8a26c053e9c34d1c4105,doi:10.26599/jac.2024.9220916,invalid_or_unresolved_phase_label;invalid_or_unresolved_phase_scope;missing_annotator;not_adjudicated;not_primary_experiment;review_sample_conditions_must_be_json_object
phase_annotation_8a7ba0d19d2a1682d62f,paper:paper_00a3064577ad9c30,invalid_or_unresolved_phase_label;invalid_or_unresolved_phase_scope;missing_annotator;not_adjudicated;not_primary_experiment;review_sample_conditions_must_be_json_object
phase_annotation_8b100c104f801e5e1b71,doi:10.1063/5.0064145,invalid_or_unresolved_phase_label;invalid_or_unresolved_phase_scope;missing_annotator;not_adjudicated;not_primary_experiment;review_sample_conditions_must_be_json_object
phase_annotation_8b4a4a73f9f4af0dd599,doi:10.1038/s42005-025-02438-x,invalid_or_unresolved_phase_label;invalid_or_unresolved_phase_scope;missing_annotator;not_adjudicated;not_primary_experiment;review_sample_conditions_must_be_json_object
phase_annotation_8d0e99b7de51813aa42b,doi:10.1063/5.0029691,invalid_or_unresolved_phase_label;invalid_or_unresolved_phase_scope;missing_annotator;not_adjudicated;not_primary_experiment;review_sample_conditions_must_be_json_object
phase_annotation_90444015fdc6a015a232,paper:paper_7fe01a888ff4864e,invalid_or_unresolved_phase_label;invalid_or_unresolved_phase_scope;missing_annotator;not_adjudicated;not_primary_experiment;review_sample_conditions_must_be_json_object
phase_annotation_92c3f02b744e403cba56,doi:10.1002/adma.202109889,invalid_or_unresolved_phase_label;invalid_or_unresolved_phase_scope;missing_annotator;not_adjudicated;not_primary_experiment;review_sample_conditions_must_be_json_object
phase_annotation_93ad5ff5d201a14d2313,paper:paper_8a555a6aed5b7034,invalid_or_unresolved_phase_label;invalid_or_unresolved_phase_scope;missing_annotator;not_adjudicated;not_primary_experiment;review_sample_conditions_must_be_json_object
phase_annotation_94d3ad49ffe40b7ad381,doi:10.1002/aelm.202400395,invalid_or_unresolved_phase_label;invalid_or_unresolved_phase_scope;missing_annotator;not_adjudicated;not_primary_experiment;review_sample_conditions_must_be_json_object
phase_annotation_97816619990e8cc86755,doi:10.1063/1.5117358,invalid_or_unresolved_phase_label;invalid_or_unresolved_phase_scope;missing_annotator;not_adjudicated;not_primary_experiment;review_sample_conditions_must_be_json_object
phase_annotation_986dff5b7fa6346d365e,paper:paper_0a09bbefcfe431d3,invalid_or_unresolved_phase_label;invalid_or_unresolved_phase_scope;missing_annotator;not_adjudicated;not_primary_experiment;review_sample_conditions_must_be_json_object
phase_annotation_9946f46f34b648993db5,doi:10.1002/aisy.202100244,invalid_or_unresolved_phase_label;invalid_or_unresolved_phase_scope;missing_annotator;not_adjudicated;not_primary_experiment;review_sample_conditions_must_be_json_object
phase_annotation_9b4cd816e4a979b49452,doi:10.1002/advs.202519686,invalid_or_unresolved_phase_label;invalid_or_unresolved_phase_scope;missing_annotator;not_adjudicated;not_primary_experiment;review_sample_conditions_must_be_json_object
phase_annotation_9b8a850855f8cd62b7f3,doi:10.1016/j.apmt.2022.101394,invalid_or_unresolved_phase_label;invalid_or_unresolved_phase_scope;missing_annotator;not_adjudicated;not_primary_experiment;review_sample_conditions_must_be_json_object
phase_annotation_9c330d5a8757b4f23e2f,paper:paper_c5240b0067c46ee6,invalid_or_unresolved_phase_label;invalid_or_unresolved_phase_scope;missing_annotator;not_adjudicated;not_primary_experiment;review_sample_conditions_must_be_json_object
phase_annotation_9c591589bc14cf6dc07a,doi:10.3390/mi17010108,invalid_or_unresolved_phase_label;invalid_or_unresolved_phase_scope;missing_annotator;not_adjudicated;not_primary_experiment;review_sample_conditions_must_be_json_object
phase_annotation_9ea879a86fab3189275e,doi:10.1002/aisy.202500817,invalid_or_unresolved_phase_label;invalid_or_unresolved_phase_scope;missing_annotator;not_adjudicated;not_primary_experiment;review_sample_conditions_must_be_json_object
phase_annotation_9edde8fda8fa3ffb2eed,doi:10.1002/aelm.202101395,invalid_or_unresolved_phase_label;invalid_or_unresolved_phase_scope;missing_annotator;not_adjudicated;not_primary_experiment;review_sample_conditions_must_be_json_object
phase_annotation_9f01a2c0a954e36386c9,paper:paper_c63d908008dae1f1,invalid_or_unresolved_phase_label;invalid_or_unresolved_phase_scope;missing_annotator;not_adjudicated;not_primary_experiment;review_sample_conditions_must_be_json_object
phase_annotation_a080ea54bc20783993db,doi:10.1021/acsaelm.9b00256,invalid_or_unresolved_phase_label;invalid_or_unresolved_phase_scope;missing_annotator;not_adjudicated;not_primary_experiment;review_sample_conditions_must_be_json_object
phase_annotation_a2d6032ddf69e6c9b642,paper:paper_8a555a6aed5b7034,invalid_or_unresolved_phase_label;invalid_or_unresolved_phase_scope;missing_annotator;not_adjudicated;not_primary_experiment;review_sample_conditions_must_be_json_object
phase_annotation_a533b7f15bb75981868a,doi:10.1038/s41467-025-59519-2,invalid_or_unresolved_phase_label;invalid_or_unresolved_phase_scope;missing_annotator;not_adjudicated;not_primary_experiment;review_sample_conditions_must_be_json_object
phase_annotation_a6f8f27e2241214d7b57,paper:paper_fd135524d0d4dccd,invalid_or_unresolved_phase_label;invalid_or_unresolved_phase_scope;missing_annotator;not_adjudicated;not_primary_experiment;review_sample_conditions_must_be_json_object
phase_annotation_a8356f132af1628d7ad4,doi:10.1038/s41524-022-00886-5,invalid_or_unresolved_phase_label;invalid_or_unresolved_phase_scope;missing_annotator;not_adjudicated;not_primary_experiment;review_sample_conditions_must_be_json_object
phase_annotation_ac488aa1abf42a6f5b4f,doi:10.1038/s41586-024-07365-5,invalid_or_unresolved_phase_label;invalid_or_unresolved_phase_scope;missing_annotator;not_adjudicated;not_primary_experiment;review_sample_conditions_must_be_json_object
phase_annotation_b3cd8306cc7f6a7a1644,doi:10.31438/trf.hh2022.114,invalid_or_unresolved_phase_label;invalid_or_unresolved_phase_scope;missing_annotator;not_adjudicated;not_primary_experiment;review_sample_conditions_must_be_json_object
phase_annotation_b70eb1beee312f06a3c3,doi:10.1038/s41467-023-37560-3,invalid_or_unresolved_phase_label;invalid_or_unresolved_phase_scope;missing_annotator;not_adjudicated;not_primary_experiment;review_sample_conditions_must_be_json_object
phase_annotation_b87ecb09eda7696b3572,doi:10.1021/acsami.2c11073,invalid_or_unresolved_phase_label;invalid_or_unresolved_phase_scope;missing_annotator;not_adjudicated;not_primary_experiment;review_sample_conditions_must_be_json_object
phase_annotation_b8c6f975e539a72dc6de,doi:10.1021/acsaelm.1c00110,invalid_or_unresolved_phase_label;invalid_or_unresolved_phase_scope;missing_annotator;not_adjudicated;not_primary_experiment;review_sample_conditions_must_be_json_object
phase_annotation_b9d0fcf7a82d2ba1808f,doi:10.1088/1361-6528/ac4679,invalid_or_unresolved_phase_label;invalid_or_unresolved_phase_scope;missing_annotator;not_adjudicated;not_primary_experiment;review_sample_conditions_must_be_json_object
phase_annotation_bc77decc5201aa011490,doi:10.1186/s40580-022-00344-4,invalid_or_unresolved_phase_label;invalid_or_unresolved_phase_scope;missing_annotator;not_adjudicated;not_primary_experiment;review_sample_conditions_must_be_json_object
phase_annotation_bd22a5d69a5cee81543e,doi:10.21203/rs.3.rs-7472244/v1,invalid_or_unresolved_phase_label;invalid_or_unresolved_phase_scope;missing_annotator;not_adjudicated;not_primary_experiment;review_sample_conditions_must_be_json_object
phase_annotation_bd623566fae9afe8e016,doi:10.21203/rs.3.rs-7472244/v1,invalid_or_unresolved_phase_label;invalid_or_unresolved_phase_scope;missing_annotator;not_adjudicated;not_primary_experiment;review_sample_conditions_must_be_json_object
phase_annotation_bf17b2bfef5fb3b60c32,doi:10.1021/acsami.5c03527,invalid_or_unresolved_phase_label;invalid_or_unresolved_phase_scope;missing_annotator;not_adjudicated;not_primary_experiment;review_sample_conditions_must_be_json_object
phase_annotation_bf6c452aef5eec005e6c,doi:10.1039/d3tc01145c,invalid_or_unresolved_phase_label;invalid_or_unresolved_phase_scope;missing_annotator;not_adjudicated;not_primary_experiment;review_sample_conditions_must_be_json_object
phase_annotation_c002ae03fa9c02fe8e19,doi:10.1038/s41467-023-37560-3,invalid_or_unresolved_phase_label;invalid_or_unresolved_phase_scope;missing_annotator;not_adjudicated;not_primary_experiment;review_sample_conditions_must_be_json_object
phase_annotation_c1bfb97baf1faffb23c0,doi:10.1021/acsaelm.1c00110,invalid_or_unresolved_phase_label;invalid_or_unresolved_phase_scope;missing_annotator;not_adjudicated;not_primary_experiment;review_sample_conditions_must_be_json_object
phase_annotation_c2ee3ac20eabc90df2dc,doi:10.1039/d4nr04861j,invalid_or_unresolved_phase_label;invalid_or_unresolved_phase_scope;missing_annotator;not_adjudicated;not_primary_experiment;review_sample_conditions_must_be_json_object
phase_annotation_c7bc2cc5af03c0ced132,paper:paper_2cb7a8a948275d36,invalid_or_unresolved_phase_label;invalid_or_unresolved_phase_scope;missing_annotator;not_adjudicated;not_primary_experiment;review_sample_conditions_must_be_json_object
phase_annotation_ca7e8a1867559e4c3fe5,doi:10.1021/acsaelm.5c00936,invalid_or_unresolved_phase_label;invalid_or_unresolved_phase_scope;missing_annotator;not_adjudicated;not_primary_experiment;review_sample_conditions_must_be_json_object
phase_annotation_cb6f1e545ba212127835,doi:10.1002/aelm.202300522,invalid_or_unresolved_phase_label;invalid_or_unresolved_phase_scope;missing_annotator;not_adjudicated;not_primary_experiment;review_sample_conditions_must_be_json_object
phase_annotation_ce8ad49581eae6af8eac,doi:10.1038/s42005-022-00951-x,invalid_or_unresolved_phase_label;invalid_or_unresolved_phase_scope;missing_annotator;not_adjudicated;not_primary_experiment;review_sample_conditions_must_be_json_object
phase_annotation_d20234f3b83233f438c1,paper:paper_88b8413d1189a340,invalid_or_unresolved_phase_label;invalid_or_unresolved_phase_scope;missing_annotator;not_adjudicated;not_primary_experiment;review_sample_conditions_must_be_json_object
phase_annotation_d2e1871bf6f85a22bc9f,doi:10.1109/jeds.2022.3221727,invalid_or_unresolved_phase_label;invalid_or_unresolved_phase_scope;missing_annotator;not_adjudicated;not_primary_experiment;review_sample_conditions_must_be_json_object
phase_annotation_d3d7ff51eb7a45d751c9,doi:10.1063/1.3636434,invalid_or_unresolved_phase_label;invalid_or_unresolved_phase_scope;missing_annotator;not_adjudicated;not_primary_experiment;review_sample_conditions_must_be_json_object
phase_annotation_d3d801e844b2ae80841d,doi:10.1038/s41467-024-44690-9,invalid_or_unresolved_phase_label;invalid_or_unresolved_phase_scope;missing_annotator;not_adjudicated;not_primary_experiment;review_sample_conditions_must_be_json_object
phase_annotation_d57a68f30356a8e9785f,doi:10.1038/s41467-023-37560-3,invalid_or_unresolved_phase_label;invalid_or_unresolved_phase_scope;missing_annotator;not_adjudicated;not_primary_experiment;review_sample_conditions_must_be_json_object
phase_annotation_d99d76a61f0920d4f884,paper:paper_fd135524d0d4dccd,invalid_or_unresolved_phase_label;invalid_or_unresolved_phase_scope;missing_annotator;not_adjudicated;not_primary_experiment;review_sample_conditions_must_be_json_object
phase_annotation_d9c7f421523a93a83537,doi:10.1039/d2nr05935e,invalid_or_unresolved_phase_label;invalid_or_unresolved_phase_scope;missing_annotator;not_adjudicated;not_primary_experiment;review_sample_conditions_must_be_json_object
phase_annotation_da7256e81f65bc3cb6fb,paper:paper_fd135524d0d4dccd,invalid_or_unresolved_phase_label;invalid_or_unresolved_phase_scope;missing_annotator;not_adjudicated;not_primary_experiment;review_sample_conditions_must_be_json_object
phase_annotation_de2c51904c55523ab5b8,paper:paper_80deb39121267062,invalid_or_unresolved_phase_label;invalid_or_unresolved_phase_scope;missing_annotator;not_adjudicated;not_primary_experiment;review_sample_conditions_must_be_json_object
phase_annotation_de43c85fa230e7251fab,doi:10.1021/acsaelm.1c00110,invalid_or_unresolved_phase_label;invalid_or_unresolved_phase_scope;missing_annotator;not_adjudicated;not_primary_experiment;review_sample_conditions_must_be_json_object
phase_annotation_e01ab528468972fe6277,doi:10.26599/jac.2024.9220981,invalid_or_unresolved_phase_label;invalid_or_unresolved_phase_scope;missing_annotator;not_adjudicated;not_primary_experiment;review_sample_conditions_must_be_json_object
phase_annotation_e044b74a6f3c633524b0,doi:10.1021/acsaelm.1c00110,invalid_or_unresolved_phase_label;invalid_or_unresolved_phase_scope;missing_annotator;not_adjudicated;not_primary_experiment;review_sample_conditions_must_be_json_object
phase_annotation_e10e1001dbe1e48423dc,doi:10.1039/d1tc02512k,invalid_or_unresolved_phase_label;invalid_or_unresolved_phase_scope;missing_annotator;not_adjudicated;not_primary_experiment;review_sample_conditions_must_be_json_object
phase_annotation_e153dae7a8334fbf0b3b,doi:10.1002/aelm.202100420,invalid_or_unresolved_phase_label;invalid_or_unresolved_phase_scope;missing_annotator;not_adjudicated;not_primary_experiment;review_sample_conditions_must_be_json_object
phase_annotation_e1c72a3294c785a41c76,doi:10.1002/advs.202519686,invalid_or_unresolved_phase_label;invalid_or_unresolved_phase_scope;missing_annotator;not_adjudicated;not_primary_experiment;review_sample_conditions_must_be_json_object
phase_annotation_e2c854ceb1c439b957b6,doi:10.1063/1.4973928,invalid_or_unresolved_phase_label;invalid_or_unresolved_phase_scope;missing_annotator;not_adjudicated;not_primary_experiment;review_sample_conditions_must_be_json_object
phase_annotation_e4e3e4caba00a72d39d5,doi:10.1002/aelm.202500767,invalid_or_unresolved_phase_label;invalid_or_unresolved_phase_scope;missing_annotator;not_adjudicated;not_primary_experiment;review_sample_conditions_must_be_json_object
phase_annotation_e5ac4f7df0c611f7bf73,paper:paper_ab6df5724ace840f,invalid_or_unresolved_phase_label;invalid_or_unresolved_phase_scope;missing_annotator;not_adjudicated;not_primary_experiment;review_sample_conditions_must_be_json_object
phase_annotation_e6891a82abb5b563bbca,doi:10.1002/adfm.202002638,invalid_or_unresolved_phase_label;invalid_or_unresolved_phase_scope;missing_annotator;not_adjudicated;not_primary_experiment;review_sample_conditions_must_be_json_object
phase_annotation_e6f3f1cecb810c11a772,doi:10.1038/s41467-025-59018-4,invalid_or_unresolved_phase_label;invalid_or_unresolved_phase_scope;missing_annotator;not_adjudicated;not_primary_experiment;review_sample_conditions_must_be_json_object
phase_annotation_e9050eb9591ed752d19b,doi:10.1002/pssr.202000598,invalid_or_unresolved_phase_label;invalid_or_unresolved_phase_scope;missing_annotator;not_adjudicated;not_primary_experiment;review_sample_conditions_must_be_json_object
phase_annotation_e94353bc5aae91d0e76f,doi:10.1038/s41467-023-44207-w,invalid_or_unresolved_phase_label;invalid_or_unresolved_phase_scope;missing_annotator;not_adjudicated;not_primary_experiment;review_sample_conditions_must_be_json_object
phase_annotation_eec1bbbba34f49f40313,doi:10.1088/1674-1056/aca9c6,invalid_or_unresolved_phase_label;invalid_or_unresolved_phase_scope;missing_annotator;not_adjudicated;not_primary_experiment;review_sample_conditions_must_be_json_object
phase_annotation_f1b28b7fd9f2e9151f8d,doi:10.1002/aelm.202100420,invalid_or_unresolved_phase_label;invalid_or_unresolved_phase_scope;missing_annotator;not_adjudicated;not_primary_experiment;review_sample_conditions_must_be_json_object
phase_annotation_f23048df032c3bbad5c8,doi:10.1002/aelm.202100420,invalid_or_unresolved_phase_label;invalid_or_unresolved_phase_scope;missing_annotator;not_adjudicated;not_primary_experiment;review_sample_conditions_must_be_json_object
phase_annotation_f2e9e59889500033ef8e,doi:10.1021/acsnano.4c01992,invalid_or_unresolved_phase_label;invalid_or_unresolved_phase_scope;missing_annotator;not_adjudicated;not_primary_experiment;review_sample_conditions_must_be_json_object
phase_annotation_f48932655356d049369d,doi:10.1039/c5nr05339k,invalid_or_unresolved_phase_label;invalid_or_unresolved_phase_scope;missing_annotator;not_adjudicated;not_primary_experiment;review_sample_conditions_must_be_json_object
phase_annotation_f6c8365a4cb41bc1c30d,paper:paper_1fa60ea6f0cadae2,invalid_or_unresolved_phase_label;invalid_or_unresolved_phase_scope;missing_annotator;not_adjudicated;not_primary_experiment;review_sample_conditions_must_be_json_object
phase_annotation_fdc7906532fd9b0da36f,paper:paper_00a3064577ad9c30,invalid_or_unresolved_phase_label;invalid_or_unresolved_phase_scope;missing_annotator;not_adjudicated;not_primary_experiment;review_sample_conditions_must_be_json_object
phase_annotation_ffcd29b595a4bfac44b9,doi:10.1038/s41586-022-04425-6,invalid_or_unresolved_phase_label;invalid_or_unresolved_phase_scope;missing_annotator;not_adjudicated;not_primary_experiment;review_sample_conditions_must_be_json_object
phase_annotation_006880f1a4965b2a1d2d,doi:10.1007/s40843-022-2124-7,invalid_or_unresolved_phase_label;invalid_or_unresolved_phase_scope;missing_annotator;not_adjudicated;not_primary_experiment;review_sample_conditions_must_be_json_object
phase_annotation_2c2951c1b7512fb84b33,paper:paper_0a09bbefcfe431d3,invalid_or_unresolved_phase_label;invalid_or_unresolved_phase_scope;missing_annotator;not_adjudicated;not_primary_experiment;review_sample_conditions_must_be_json_object
phase_annotation_72f837e38fed6aaa9c28,doi:10.1063/5.0142789,invalid_or_unresolved_phase_label;invalid_or_unresolved_phase_scope;missing_annotator;not_adjudicated;not_primary_experiment;review_sample_conditions_must_be_json_object
phase_annotation_743ba9ea5bc66a1552d8,doi:10.1016/j.jmst.2021.07.016,invalid_or_unresolved_phase_label;invalid_or_unresolved_phase_scope;missing_annotator;not_adjudicated;not_primary_experiment;review_sample_conditions_must_be_json_object
phase_annotation_9a98d9460f3d9be13110,paper:paper_9a76a71a497dddcb,invalid_or_unresolved_phase_label;invalid_or_unresolved_phase_scope;missing_annotator;not_adjudicated;not_primary_experiment;review_sample_conditions_must_be_json_object
phase_annotation_0509f764727e72310d12,doi:10.1038/s41467-024-47893-2,invalid_or_unresolved_phase_label;invalid_or_unresolved_phase_scope;missing_annotator;not_adjudicated;not_primary_experiment;review_sample_conditions_must_be_json_object
phase_annotation_35bca509d8dded430460,paper:paper_4b4dee9010fe8dfc,invalid_or_unresolved_phase_label;invalid_or_unresolved_phase_scope;missing_annotator;not_adjudicated;not_primary_experiment;review_sample_conditions_must_be_json_object
phase_annotation_674fe30d7b5b0b93de9c,doi:10.1002/aelm.202500402,invalid_or_unresolved_phase_label;invalid_or_unresolved_phase_scope;missing_annotator;not_adjudicated;not_primary_experiment;review_sample_conditions_must_be_json_object
phase_annotation_70472af80593fa86323c,doi:10.26599/nr.2026.94908828,invalid_or_unresolved_phase_label;invalid_or_unresolved_phase_scope;missing_annotator;not_adjudicated;not_primary_experiment;review_sample_conditions_must_be_json_object
phase_annotation_8eef32f570ab4c8c487f,paper:paper_4b4dee9010fe8dfc,invalid_or_unresolved_phase_label;invalid_or_unresolved_phase_scope;missing_annotator;not_adjudicated;not_primary_experiment;review_sample_conditions_must_be_json_object
phase_annotation_b03dfd702e9f0d0afea5,doi:10.1038/s41467-024-47893-2,invalid_or_unresolved_phase_label;invalid_or_unresolved_phase_scope;missing_annotator;not_adjudicated;not_primary_experiment;review_sample_conditions_must_be_json_object
phase_annotation_ea05c5b2c0d0b7a7915a,doi:10.1038/s41563-022-01290-6,invalid_or_unresolved_phase_label;invalid_or_unresolved_phase_scope;missing_annotator;not_adjudicated;not_primary_experiment;review_sample_conditions_must_be_json_object
phase_annotation_076194f8c67f1f56b711,doi:10.1002/adfm.201103119,invalid_or_unresolved_phase_label;invalid_or_unresolved_phase_scope;missing_annotator;not_adjudicated;not_primary_experiment;review_sample_conditions_must_be_json_object
phase_annotation_2a950587b4293b43fa61,paper:paper_86c4e94e51580e63,invalid_or_unresolved_phase_label;invalid_or_unresolved_phase_scope;missing_annotator;not_adjudicated;not_primary_experiment;review_sample_conditions_must_be_json_object
phase_annotation_330141c118c9919066ce,doi:10.1002/advs.202517314,invalid_or_unresolved_phase_label;invalid_or_unresolved_phase_scope;missing_annotator;not_adjudicated;not_primary_experiment;review_sample_conditions_must_be_json_object
phase_annotation_69eed0a079e9c042da0d,doi:10.1039/d0nr02204g,invalid_or_unresolved_phase_label;invalid_or_unresolved_phase_scope;missing_annotator;not_adjudicated;not_primary_experiment;review_sample_conditions_must_be_json_object
phase_annotation_77164a6b3cc5366f768a,paper:paper_e47f6661c9bb4ce9,invalid_or_unresolved_phase_label;invalid_or_unresolved_phase_scope;missing_annotator;not_adjudicated;not_primary_experiment;review_sample_conditions_must_be_json_object
phase_annotation_77f56ec9ea3b656334ab,doi:10.1038/srep32931,invalid_or_unresolved_phase_label;invalid_or_unresolved_phase_scope;missing_annotator;not_adjudicated;not_primary_experiment;review_sample_conditions_must_be_json_object
phase_annotation_7fde2f40869043324e7e,doi:10.1002/advs.202523654,invalid_or_unresolved_phase_label;invalid_or_unresolved_phase_scope;missing_annotator;not_adjudicated;not_primary_experiment;review_sample_conditions_must_be_json_object
phase_annotation_840252e3f8e6bdc40432,doi:10.1038/s41598-025-90555-6,invalid_or_unresolved_phase_label;invalid_or_unresolved_phase_scope;missing_annotator;not_adjudicated;not_primary_experiment;review_sample_conditions_must_be_json_object
phase_annotation_9525641952b44f823c64,doi:10.1021/acsami.2c11073,invalid_or_unresolved_phase_label;invalid_or_unresolved_phase_scope;missing_annotator;not_adjudicated;not_primary_experiment;review_sample_conditions_must_be_json_object
phase_annotation_b6d78fa7c97ec40c097b,doi:10.1039/d2nr05935e,invalid_or_unresolved_phase_label;invalid_or_unresolved_phase_scope;missing_annotator;not_adjudicated;not_primary_experiment;review_sample_conditions_must_be_json_object
phase_annotation_bad039d701f0d4d27e8c,doi:10.1038/s41467-026-69634-3,invalid_or_unresolved_phase_label;invalid_or_unresolved_phase_scope;missing_annotator;not_adjudicated;not_primary_experiment;review_sample_conditions_must_be_json_object
phase_annotation_bf9c9547100f961ae077,doi:10.1021/acsaelm.1c00110,invalid_or_unresolved_phase_label;invalid_or_unresolved_phase_scope;missing_annotator;not_adjudicated;not_primary_experiment;review_sample_conditions_must_be_json_object
phase_annotation_da8a7318e7ddec0ec9d7,paper:paper_88b8413d1189a340,invalid_or_unresolved_phase_label;invalid_or_unresolved_phase_scope;missing_annotator;not_adjudicated;not_primary_experiment;review_sample_conditions_must_be_json_object
phase_annotation_010a6a19822e97ebf82a,doi:10.1021/acsaelm.5c00936,invalid_or_unresolved_phase_label;invalid_or_unresolved_phase_scope;missing_annotator;not_adjudicated;not_primary_experiment;review_sample_conditions_must_be_json_object
phase_annotation_01b1d60ece080064b854,doi:10.1088/1361-6528/ac4679,invalid_or_unresolved_phase_label;invalid_or_unresolved_phase_scope;missing_annotator;not_adjudicated;not_primary_experiment;review_sample_conditions_must_be_json_object
phase_annotation_045488008333a97cae43,doi:10.1021/acsnano.5c16255,invalid_or_unresolved_phase_label;invalid_or_unresolved_phase_scope;missing_annotator;not_adjudicated;not_primary_experiment;review_sample_conditions_must_be_json_object
phase_annotation_072961e41e8ed7ea8832,doi:10.1002/adfm.202531011,invalid_or_unresolved_phase_label;invalid_or_unresolved_phase_scope;missing_annotator;not_adjudicated;not_primary_experiment;review_sample_conditions_must_be_json_object
phase_annotation_09bf77d8a4364b51d5b4,paper:paper_da6add435a5a65be,invalid_or_unresolved_phase_label;invalid_or_unresolved_phase_scope;missing_annotator;not_adjudicated;not_primary_experiment;review_sample_conditions_must_be_json_object
phase_annotation_09cbe3c0eb906fe167d0,doi:10.1002/aelm.202200601,invalid_or_unresolved_phase_label;invalid_or_unresolved_phase_scope;missing_annotator;not_adjudicated;not_primary_experiment;review_sample_conditions_must_be_json_object
phase_annotation_0c1bcaa55e1630aea9ea,paper:paper_5bea4c6613002b9b,invalid_or_unresolved_phase_label;invalid_or_unresolved_phase_scope;missing_annotator;not_adjudicated;not_primary_experiment;review_sample_conditions_must_be_json_object
phase_annotation_0c8e7885ef0ed697a2aa,doi:10.26599/jac.2024.9220916,invalid_or_unresolved_phase_label;invalid_or_unresolved_phase_scope;missing_annotator;not_adjudicated;not_primary_experiment;review_sample_conditions_must_be_json_object
phase_annotation_0ce524b5bc866682671a,doi:10.1002/advs.202519686,invalid_or_unresolved_phase_label;invalid_or_unresolved_phase_scope;missing_annotator;not_adjudicated;not_primary_experiment;review_sample_conditions_must_be_json_object
phase_annotation_0eb97febf9e8c568b517,doi:10.1038/s41586-022-04425-6,invalid_or_unresolved_phase_label;invalid_or_unresolved_phase_scope;missing_annotator;not_adjudicated;not_primary_experiment;review_sample_conditions_must_be_json_object
phase_annotation_0ed67d5fa8638ba1fec0,paper:paper_9a76a71a497dddcb,invalid_or_unresolved_phase_label;invalid_or_unresolved_phase_scope;missing_annotator;not_adjudicated;not_primary_experiment;review_sample_conditions_must_be_json_object
phase_annotation_0f62b75bbab81837b7a9,doi:10.1021/acsami.2c11073,invalid_or_unresolved_phase_label;invalid_or_unresolved_phase_scope;missing_annotator;not_adjudicated;not_primary_experiment;review_sample_conditions_must_be_json_object
phase_annotation_115c7cc2d6838923b1cb,doi:10.1002/aelm.201900852,invalid_or_unresolved_phase_label;invalid_or_unresolved_phase_scope;missing_annotator;not_adjudicated;not_primary_experiment;review_sample_conditions_must_be_json_object
phase_annotation_1268609230213cc4f802,doi:10.1038/s41586-025-09793-3,invalid_or_unresolved_phase_label;invalid_or_unresolved_phase_scope;missing_annotator;not_adjudicated;not_primary_experiment;review_sample_conditions_must_be_json_object
phase_annotation_12bc958a2cfa29839c9c,doi:10.1021/acsaelm.9b00256,invalid_or_unresolved_phase_label;invalid_or_unresolved_phase_scope;missing_annotator;not_adjudicated;not_primary_experiment;review_sample_conditions_must_be_json_object
phase_annotation_134fc344f3442aecc9d6,doi:10.1021/acsaelm.1c00110,invalid_or_unresolved_phase_label;invalid_or_unresolved_phase_scope;missing_annotator;not_adjudicated;not_primary_experiment;review_sample_conditions_must_be_json_object
phase_annotation_150bb10d0bc484da387e,doi:10.1038/s41535-025-00841-9,invalid_or_unresolved_phase_label;invalid_or_unresolved_phase_scope;missing_annotator;not_adjudicated;not_primary_experiment;review_sample_conditions_must_be_json_object
phase_annotation_16a7eb2e2a483bdb4f3f,doi:10.1002/pssr.70167,invalid_or_unresolved_phase_label;invalid_or_unresolved_phase_scope;missing_annotator;not_adjudicated;not_primary_experiment;review_sample_conditions_must_be_json_object
phase_annotation_18bab27be00b6e2dd68a,paper:paper_9a76a71a497dddcb,invalid_or_unresolved_phase_label;invalid_or_unresolved_phase_scope;missing_annotator;not_adjudicated;not_primary_experiment;review_sample_conditions_must_be_json_object
phase_annotation_1a7c03f61a96a24bc7fc,paper:paper_2fe8172862bf0ee9,invalid_or_unresolved_phase_label;invalid_or_unresolved_phase_scope;missing_annotator;not_adjudicated;not_primary_experiment;review_sample_conditions_must_be_json_object
phase_annotation_1a84a009f1cdb06de695,doi:10.1063/5.0029691,invalid_or_unresolved_phase_label;invalid_or_unresolved_phase_scope;missing_annotator;not_adjudicated;not_primary_experiment;review_sample_conditions_must_be_json_object
phase_annotation_1df9f858bb35fbe622a7,doi:10.1021/acsaelm.0c00560,invalid_or_unresolved_phase_label;invalid_or_unresolved_phase_scope;missing_annotator;not_adjudicated;not_primary_experiment;review_sample_conditions_must_be_json_object
phase_annotation_1fd5b52888a03ebcd991,doi:10.1038/s41467-026-69634-3,invalid_or_unresolved_phase_label;invalid_or_unresolved_phase_scope;missing_annotator;not_adjudicated;not_primary_experiment;review_sample_conditions_must_be_json_object
phase_annotation_23e14749d2816bb61b35,paper:paper_00a3064577ad9c30,invalid_or_unresolved_phase_label;invalid_or_unresolved_phase_scope;missing_annotator;not_adjudicated;not_primary_experiment;review_sample_conditions_must_be_json_object
phase_annotation_24907ab082c7f624821b,doi:10.1021/acsomega.5c01112,invalid_or_unresolved_phase_label;invalid_or_unresolved_phase_scope;missing_annotator;not_adjudicated;not_primary_experiment;review_sample_conditions_must_be_json_object
phase_annotation_24ad70b5616fe10f1e50,doi:10.1021/acsaelm.5c00936,invalid_or_unresolved_phase_label;invalid_or_unresolved_phase_scope;missing_annotator;not_adjudicated;not_primary_experiment;review_sample_conditions_must_be_json_object
phase_annotation_24bc000e5eded14d818f,doi:10.1038/s41467-023-37560-3,invalid_or_unresolved_phase_label;invalid_or_unresolved_phase_scope;missing_annotator;not_adjudicated;not_primary_experiment;review_sample_conditions_must_be_json_object
phase_annotation_281ba16b20d570d988bd,doi:10.1002/pssr.202000598,invalid_or_unresolved_phase_label;invalid_or_unresolved_phase_scope;missing_annotator;not_adjudicated;not_primary_experiment;review_sample_conditions_must_be_json_object
phase_annotation_284391e5859d7f9fc29e,paper:paper_27dd52e1c7cd30e3,invalid_or_unresolved_phase_label;invalid_or_unresolved_phase_scope;missing_annotator;not_adjudicated;not_primary_experiment;review_sample_conditions_must_be_json_object
phase_annotation_28bf9b951b242ba1a1df,paper:paper_db87914379a53e92,invalid_or_unresolved_phase_label;invalid_or_unresolved_phase_scope;missing_annotator;not_adjudicated;not_primary_experiment;review_sample_conditions_must_be_json_object
phase_annotation_3111040d36fc19e96080,doi:10.2109/jcersj2.18104,invalid_or_unresolved_phase_label;invalid_or_unresolved_phase_scope;missing_annotator;not_adjudicated;not_primary_experiment;review_sample_conditions_must_be_json_object
phase_annotation_31e2888427c5498213e0,paper:paper_549fbbc94f300eef,invalid_or_unresolved_phase_label;invalid_or_unresolved_phase_scope;missing_annotator;not_adjudicated;not_primary_experiment;review_sample_conditions_must_be_json_object
phase_annotation_322b31dbb5928b232260,doi:10.1109/jeds.2023.3336077,invalid_or_unresolved_phase_label;invalid_or_unresolved_phase_scope;missing_annotator;not_adjudicated;not_primary_experiment;review_sample_conditions_must_be_json_object
phase_annotation_358216f1ec1d7ac4f948,doi:10.1016/j.apmt.2023.102033,invalid_or_unresolved_phase_label;invalid_or_unresolved_phase_scope;missing_annotator;not_adjudicated;not_primary_experiment;review_sample_conditions_must_be_json_object
phase_annotation_37df0d1c4cc1229ac1bd,doi:10.1007/s40843-022-2359-6,invalid_or_unresolved_phase_label;invalid_or_unresolved_phase_scope;missing_annotator;not_adjudicated;not_primary_experiment;review_sample_conditions_must_be_json_object
phase_annotation_399f76ddc8243ce10693,doi:10.1038/s41524-023-01176-4,invalid_or_unresolved_phase_label;invalid_or_unresolved_phase_scope;missing_annotator;not_adjudicated;not_primary_experiment;review_sample_conditions_must_be_json_object
phase_annotation_3f2f72e327d6e80a64d6,doi:10.1021/acsaelm.9b00256,invalid_or_unresolved_phase_label;invalid_or_unresolved_phase_scope;missing_annotator;not_adjudicated;not_primary_experiment;review_sample_conditions_must_be_json_object
phase_annotation_42fa7731a02039b213c9,doi:10.1063/5.0029691,invalid_or_unresolved_phase_label;invalid_or_unresolved_phase_scope;missing_annotator;not_adjudicated;not_primary_experiment;review_sample_conditions_must_be_json_object
phase_annotation_438cf1b5cc61f6c03279,doi:10.1002/aelm.202300798,invalid_or_unresolved_phase_label;invalid_or_unresolved_phase_scope;missing_annotator;not_adjudicated;not_primary_experiment;review_sample_conditions_must_be_json_object
phase_annotation_43ed5229706bc40b5efe,doi:10.1016/j.tsf.2012.11.125,invalid_or_unresolved_phase_label;invalid_or_unresolved_phase_scope;missing_annotator;not_adjudicated;not_primary_experiment;review_sample_conditions_must_be_json_object
phase_annotation_447f624ffbc72d2d0df6,paper:paper_8a555a6aed5b7034,invalid_or_unresolved_phase_label;invalid_or_unresolved_phase_scope;missing_annotator;not_adjudicated;not_primary_experiment;review_sample_conditions_must_be_json_object
phase_annotation_44eb8e59ad66e923ee7d,doi:10.1039/d4nr02776k,invalid_or_unresolved_phase_label;invalid_or_unresolved_phase_scope;missing_annotator;not_adjudicated;not_primary_experiment;review_sample_conditions_must_be_json_object
phase_annotation_45475c13147baa7d74cd,paper:paper_9a76a71a497dddcb,invalid_or_unresolved_phase_label;invalid_or_unresolved_phase_scope;missing_annotator;not_adjudicated;not_primary_experiment;review_sample_conditions_must_be_json_object
phase_annotation_477c04bc536c6c308998,paper:paper_5144e9fa5ff04246,invalid_or_unresolved_phase_label;invalid_or_unresolved_phase_scope;missing_annotator;not_adjudicated;not_primary_experiment;review_sample_conditions_must_be_json_object
phase_annotation_496d87b95c0a154337f5,doi:10.1021/acsaelm.8b00065,invalid_or_unresolved_phase_label;invalid_or_unresolved_phase_scope;missing_annotator;not_adjudicated;not_primary_experiment;review_sample_conditions_must_be_json_object
phase_annotation_49bae787e89e1407bb2a,doi:10.1016/j.nanoen.2025.111011,invalid_or_unresolved_phase_label;invalid_or_unresolved_phase_scope;missing_annotator;not_adjudicated;not_primary_experiment;review_sample_conditions_must_be_json_object
phase_annotation_4abf2be91fc91209ab56,paper:paper_421e27d1d7267079,invalid_or_unresolved_phase_label;invalid_or_unresolved_phase_scope;missing_annotator;not_adjudicated;not_primary_experiment;review_sample_conditions_must_be_json_object
phase_annotation_4b2f2cf03e7ee4037f61,doi:10.2109/jcersj2,invalid_or_unresolved_phase_label;invalid_or_unresolved_phase_scope;missing_annotator;not_adjudicated;not_primary_experiment;review_sample_conditions_must_be_json_object
phase_annotation_4ba026f18b4869cf36c3,doi:10.1002/adma.201404531,invalid_or_unresolved_phase_label;invalid_or_unresolved_phase_scope;missing_annotator;not_adjudicated;not_primary_experiment;review_sample_conditions_must_be_json_object
phase_annotation_4d3dac7f6c36cd8817e8,doi:10.35848/1347-4065/ad9eb9,invalid_or_unresolved_phase_label;invalid_or_unresolved_phase_scope;missing_annotator;not_adjudicated;not_primary_experiment;review_sample_conditions_must_be_json_object
phase_annotation_51012b471b42d8071a9c,paper:paper_1fa60ea6f0cadae2,invalid_or_unresolved_phase_label;invalid_or_unresolved_phase_scope;missing_annotator;not_adjudicated;not_primary_experiment;review_sample_conditions_must_be_json_object
phase_annotation_52da301693f012d3a01b,doi:10.1021/acsaelm.9b00256,invalid_or_unresolved_phase_label;invalid_or_unresolved_phase_scope;missing_annotator;not_adjudicated;not_primary_experiment;review_sample_conditions_must_be_json_object
phase_annotation_588d1278732e78fc4acd,doi:10.1002/aelm.202300171,invalid_or_unresolved_phase_label;invalid_or_unresolved_phase_scope;missing_annotator;not_adjudicated;not_primary_experiment;review_sample_conditions_must_be_json_object
phase_annotation_5e03dd0d44b7cf595d43,doi:10.1021/acsaelm.5c02359,invalid_or_unresolved_phase_label;invalid_or_unresolved_phase_scope;missing_annotator;not_adjudicated;not_primary_experiment;review_sample_conditions_must_be_json_object
phase_annotation_5f16c1f88d35aa046327,doi:10.1002/adfm.202314396,invalid_or_unresolved_phase_label;invalid_or_unresolved_phase_scope;missing_annotator;not_adjudicated;not_primary_experiment;review_sample_conditions_must_be_json_object
phase_annotation_5f9394b3cda47b1093ca,doi:10.1021/acsaelm.5c02359,invalid_or_unresolved_phase_label;invalid_or_unresolved_phase_scope;missing_annotator;not_adjudicated;not_primary_experiment;review_sample_conditions_must_be_json_object
phase_annotation_60e9fbc4eca7a9db3a15,doi:10.21203/rs.3.rs-862950/v1,invalid_or_unresolved_phase_label;invalid_or_unresolved_phase_scope;missing_annotator;not_adjudicated;not_primary_experiment;review_sample_conditions_must_be_json_object
phase_annotation_610f5ec16c58a0bf0ffe,doi:10.1038/s41598-025-30961-y,invalid_or_unresolved_phase_label;invalid_or_unresolved_phase_scope;missing_annotator;not_adjudicated;not_primary_experiment;review_sample_conditions_must_be_json_object
phase_annotation_639480fa333d59ac79ab,doi:10.1038/s41467-025-63048-3,invalid_or_unresolved_phase_label;invalid_or_unresolved_phase_scope;missing_annotator;not_adjudicated;not_primary_experiment;review_sample_conditions_must_be_json_object
phase_annotation_6b73a07d94b6cd05bc22,doi:10.1021/acs.cgd.0c00095,invalid_or_unresolved_phase_label;invalid_or_unresolved_phase_scope;missing_annotator;not_adjudicated;not_primary_experiment;review_sample_conditions_must_be_json_object
phase_annotation_6b86331239b092e99d31,doi:10.1021/acsaelm.3c01856,invalid_or_unresolved_phase_label;invalid_or_unresolved_phase_scope;missing_annotator;not_adjudicated;not_primary_experiment;review_sample_conditions_must_be_json_object
phase_annotation_6fdf52fcd7c75bf50c79,doi:10.1002/pssr.202000598,invalid_or_unresolved_phase_label;invalid_or_unresolved_phase_scope;missing_annotator;not_adjudicated;not_primary_experiment;review_sample_conditions_must_be_json_object
phase_annotation_6ff59621284936ab2551,paper:paper_9f055699320b77ca,invalid_or_unresolved_phase_label;invalid_or_unresolved_phase_scope;missing_annotator;not_adjudicated;not_primary_experiment;review_sample_conditions_must_be_json_object
phase_annotation_71524037364586887475,doi:10.2109/jcersj2.23203,invalid_or_unresolved_phase_label;invalid_or_unresolved_phase_scope;missing_annotator;not_adjudicated;not_primary_experiment;review_sample_conditions_must_be_json_object
phase_annotation_7551da20ebf3cf11f706,paper:paper_86c4e94e51580e63,invalid_or_unresolved_phase_label;invalid_or_unresolved_phase_scope;missing_annotator;not_adjudicated;not_primary_experiment;review_sample_conditions_must_be_json_object
phase_annotation_755d0e1b0bf90da18abd,doi:10.1109/ted.2023.3254509,invalid_or_unresolved_phase_label;invalid_or_unresolved_phase_scope;missing_annotator;not_adjudicated;not_primary_experiment;review_sample_conditions_must_be_json_object
phase_annotation_76ec304ac8c77a1d8a35,paper:paper_9a76a71a497dddcb,invalid_or_unresolved_phase_label;invalid_or_unresolved_phase_scope;missing_annotator;not_adjudicated;not_primary_experiment;review_sample_conditions_must_be_json_object
phase_annotation_7b66cbb4eb593641b1b7,doi:10.1038/s41467-025-59519-2,invalid_or_unresolved_phase_label;invalid_or_unresolved_phase_scope;missing_annotator;not_adjudicated;not_primary_experiment;review_sample_conditions_must_be_json_object
phase_annotation_7b793b42497ad56df2ad,doi:10.1039/d4tc00061g,invalid_or_unresolved_phase_label;invalid_or_unresolved_phase_scope;missing_annotator;not_adjudicated;not_primary_experiment;review_sample_conditions_must_be_json_object
phase_annotation_7bb9f0d66033c2ab5898,doi:10.1016/j.apmt.2022.101587,invalid_or_unresolved_phase_label;invalid_or_unresolved_phase_scope;missing_annotator;not_adjudicated;not_primary_experiment;review_sample_conditions_must_be_json_object
phase_annotation_7c0f520fe80ee0e026ac,doi:10.1038/s41598-025-30961-y,invalid_or_unresolved_phase_label;invalid_or_unresolved_phase_scope;missing_annotator;not_adjudicated;not_primary_experiment;review_sample_conditions_must_be_json_object
phase_annotation_7f641132e9d6afef483b,doi:10.1038/s41467-025-57963-8,invalid_or_unresolved_phase_label;invalid_or_unresolved_phase_scope;missing_annotator;not_adjudicated;not_primary_experiment;review_sample_conditions_must_be_json_object
phase_annotation_83a6e687a51e20e5e47e,doi:10.1109/jeds.2023.3336077,invalid_or_unresolved_phase_label;invalid_or_unresolved_phase_scope;missing_annotator;not_adjudicated;not_primary_experiment;review_sample_conditions_must_be_json_object
phase_annotation_84de4adc13cd37666111,paper:paper_9a76a71a497dddcb,invalid_or_unresolved_phase_label;invalid_or_unresolved_phase_scope;missing_annotator;not_adjudicated;not_primary_experiment;review_sample_conditions_must_be_json_object
phase_annotation_87d0ba531a56a5155201,doi:10.1007/s40843-022-2359-6,invalid_or_unresolved_phase_label;invalid_or_unresolved_phase_scope;missing_annotator;not_adjudicated;not_primary_experiment;review_sample_conditions_must_be_json_object
phase_annotation_89656c86ea441d355f78,doi:10.21203/rs.3.rs-2110871/v1,invalid_or_unresolved_phase_label;invalid_or_unresolved_phase_scope;missing_annotator;not_adjudicated;not_primary_experiment;review_sample_conditions_must_be_json_object
phase_annotation_8a3079874c35fd869583,paper:paper_e47f6661c9bb4ce9,invalid_or_unresolved_phase_label;invalid_or_unresolved_phase_scope;missing_annotator;not_adjudicated;not_primary_experiment;review_sample_conditions_must_be_json_object
phase_annotation_8accadcf6fffe5015723,doi:10.1021/acsami.5c03527,invalid_or_unresolved_phase_label;invalid_or_unresolved_phase_scope;missing_annotator;not_adjudicated;not_primary_experiment;review_sample_conditions_must_be_json_object
phase_annotation_8e84c71cbe17372bc72e,doi:10.1021/acsaelm.3c01856,invalid_or_unresolved_phase_label;invalid_or_unresolved_phase_scope;missing_annotator;not_adjudicated;not_primary_experiment;review_sample_conditions_must_be_json_object
phase_annotation_92040c77cbe4c49d8984,doi:10.1002/advs.202519686,invalid_or_unresolved_phase_label;invalid_or_unresolved_phase_scope;missing_annotator;not_adjudicated;not_primary_experiment;review_sample_conditions_must_be_json_object
phase_annotation_92ddaa5cd06dbba5b96b,doi:10.1021/acsnano.2c04841,invalid_or_unresolved_phase_label;invalid_or_unresolved_phase_scope;missing_annotator;not_adjudicated;not_primary_experiment;review_sample_conditions_must_be_json_object
phase_annotation_95b1174ae2a9a41aeb15,doi:10.3389/fnano.2021.826232,invalid_or_unresolved_phase_label;invalid_or_unresolved_phase_scope;missing_annotator;not_adjudicated;not_primary_experiment;review_sample_conditions_must_be_json_object
phase_annotation_96917d015933e2d3b7e4,doi:10.1002/aelm.202100420,invalid_or_unresolved_phase_label;invalid_or_unresolved_phase_scope;missing_annotator;not_adjudicated;not_primary_experiment;review_sample_conditions_must_be_json_object
phase_annotation_99f4e74bd837a8a3b9d8,doi:10.1021/acsaelm.0c00560,invalid_or_unresolved_phase_label;invalid_or_unresolved_phase_scope;missing_annotator;not_adjudicated;not_primary_experiment;review_sample_conditions_must_be_json_object
phase_annotation_9a07b47de484e06656bc,doi:10.1038/srep32931,invalid_or_unresolved_phase_label;invalid_or_unresolved_phase_scope;missing_annotator;not_adjudicated;not_primary_experiment;review_sample_conditions_must_be_json_object
phase_annotation_9ae0e499c0677c0208ff,doi:10.1021/acsaelm.3c01856,invalid_or_unresolved_phase_label;invalid_or_unresolved_phase_scope;missing_annotator;not_adjudicated;not_primary_experiment;review_sample_conditions_must_be_json_object
phase_annotation_9e31b6778ccc26f18b8c,paper:paper_0bc52dfdabdac408,invalid_or_unresolved_phase_label;invalid_or_unresolved_phase_scope;missing_annotator;not_adjudicated;not_primary_experiment;review_sample_conditions_must_be_json_object
phase_annotation_9e42b3953356ea92c048,doi:10.1039/d2nr05935e,invalid_or_unresolved_phase_label;invalid_or_unresolved_phase_scope;missing_annotator;not_adjudicated;not_primary_experiment;review_sample_conditions_must_be_json_object
phase_annotation_9f3f7e10ae1d87ca2d93,doi:10.1002/aelm.202300798,invalid_or_unresolved_phase_label;invalid_or_unresolved_phase_scope;missing_annotator;not_adjudicated;not_primary_experiment;review_sample_conditions_must_be_json_object
phase_annotation_a27d4698dd36ce0d85ff,doi:10.1039/c7tc01200d,invalid_or_unresolved_phase_label;invalid_or_unresolved_phase_scope;missing_annotator;not_adjudicated;not_primary_experiment;review_sample_conditions_must_be_json_object
phase_annotation_a4cae750ce436361d032,doi:10.54647/ijmst6101002,invalid_or_unresolved_phase_label;invalid_or_unresolved_phase_scope;missing_annotator;not_adjudicated;not_primary_experiment;review_sample_conditions_must_be_json_object
phase_annotation_a619bb88665cd1dbdb80,doi:10.1002/advs.202519686,invalid_or_unresolved_phase_label;invalid_or_unresolved_phase_scope;missing_annotator;not_adjudicated;not_primary_experiment;review_sample_conditions_must_be_json_object
phase_annotation_a6e2f8b7aad700e93a95,paper:paper_e47f6661c9bb4ce9,invalid_or_unresolved_phase_label;invalid_or_unresolved_phase_scope;missing_annotator;not_adjudicated;not_primary_experiment;review_sample_conditions_must_be_json_object
phase_annotation_a8ae110a38dfc1515def,paper:paper_c63d908008dae1f1,invalid_or_unresolved_phase_label;invalid_or_unresolved_phase_scope;missing_annotator;not_adjudicated;not_primary_experiment;review_sample_conditions_must_be_json_object
phase_annotation_ac5e58d90c9231e7b3c6,doi:10.1063/1.4973928,invalid_or_unresolved_phase_label;invalid_or_unresolved_phase_scope;missing_annotator;not_adjudicated;not_primary_experiment;review_sample_conditions_must_be_json_object
phase_annotation_acb0387e8bc07abbdfba,doi:10.1021/acsami.5c03527,invalid_or_unresolved_phase_label;invalid_or_unresolved_phase_scope;missing_annotator;not_adjudicated;not_primary_experiment;review_sample_conditions_must_be_json_object
phase_annotation_ad2c57ebc9beb5e15f71,doi:10.1039/d0nr02204g,invalid_or_unresolved_phase_label;invalid_or_unresolved_phase_scope;missing_annotator;not_adjudicated;not_primary_experiment;review_sample_conditions_must_be_json_object
phase_annotation_b0795d4b7a7600dc145e,paper:paper_00a3064577ad9c30,invalid_or_unresolved_phase_label;invalid_or_unresolved_phase_scope;missing_annotator;not_adjudicated;not_primary_experiment;review_sample_conditions_must_be_json_object
phase_annotation_b4647622206142dbc751,doi:10.1038/s41467-026-69634-3,invalid_or_unresolved_phase_label;invalid_or_unresolved_phase_scope;missing_annotator;not_adjudicated;not_primary_experiment;review_sample_conditions_must_be_json_object
phase_annotation_b52f36e86c870b59ef3b,doi:10.1038/srep32931,invalid_or_unresolved_phase_label;invalid_or_unresolved_phase_scope;missing_annotator;not_adjudicated;not_primary_experiment;review_sample_conditions_must_be_json_object
phase_annotation_b750f4acb4e9f076ad35,paper:paper_da6add435a5a65be,invalid_or_unresolved_phase_label;invalid_or_unresolved_phase_scope;missing_annotator;not_adjudicated;not_primary_experiment;review_sample_conditions_must_be_json_object
phase_annotation_b9cb40079d664a38c229,doi:10.1016/j.apsusc.2022.153110,invalid_or_unresolved_phase_label;invalid_or_unresolved_phase_scope;missing_annotator;not_adjudicated;not_primary_experiment;review_sample_conditions_must_be_json_object
phase_annotation_bb3e418889216c0f17f1,doi:10.1039/d4ma00550c,invalid_or_unresolved_phase_label;invalid_or_unresolved_phase_scope;missing_annotator;not_adjudicated;not_primary_experiment;review_sample_conditions_must_be_json_object
phase_annotation_bc83f695e865ad2b4392,doi:10.1016/j.apmt.2023.102033,invalid_or_unresolved_phase_label;invalid_or_unresolved_phase_scope;missing_annotator;not_adjudicated;not_primary_experiment;review_sample_conditions_must_be_json_object
phase_annotation_bc8cd8a63d2a00b6d3e7,doi:10.1002/smsc.202500465,invalid_or_unresolved_phase_label;invalid_or_unresolved_phase_scope;missing_annotator;not_adjudicated;not_primary_experiment;review_sample_conditions_must_be_json_object
phase_annotation_bf75a17a6f05aaa085e5,doi:10.1109/jeds.2024.3365150,invalid_or_unresolved_phase_label;invalid_or_unresolved_phase_scope;missing_annotator;not_adjudicated;not_primary_experiment;review_sample_conditions_must_be_json_object
phase_annotation_c031135a84a0db22d587,doi:10.1039/d4nr04861j,invalid_or_unresolved_phase_label;invalid_or_unresolved_phase_scope;missing_annotator;not_adjudicated;not_primary_experiment;review_sample_conditions_must_be_json_object
phase_annotation_c05b8372a3ed22826e91,doi:10.1038/s41467-026-69634-3,invalid_or_unresolved_phase_label;invalid_or_unresolved_phase_scope;missing_annotator;not_adjudicated;not_primary_experiment;review_sample_conditions_must_be_json_object
phase_annotation_c1c3d794c9852b5b5838,doi:10.1038/s41467-025-61758-2,invalid_or_unresolved_phase_label;invalid_or_unresolved_phase_scope;missing_annotator;not_adjudicated;not_primary_experiment;review_sample_conditions_must_be_json_object
phase_annotation_c4be79b85e1127f0bec6,doi:10.1002/pssr.202100583,invalid_or_unresolved_phase_label;invalid_or_unresolved_phase_scope;missing_annotator;not_adjudicated;not_primary_experiment;review_sample_conditions_must_be_json_object
phase_annotation_c6ce3ac6abb0915c0e6c,paper:paper_1b880ced765d1609,invalid_or_unresolved_phase_label;invalid_or_unresolved_phase_scope;missing_annotator;not_adjudicated;not_primary_experiment;review_sample_conditions_must_be_json_object
phase_annotation_c6e60fa30310a654ecc5,doi:10.1002/aelm.202300877,invalid_or_unresolved_phase_label;invalid_or_unresolved_phase_scope;missing_annotator;not_adjudicated;not_primary_experiment;review_sample_conditions_must_be_json_object
phase_annotation_cad4fe1e1cad7d8a2fae,paper:paper_8db5c0f3bb6423b4,invalid_or_unresolved_phase_label;invalid_or_unresolved_phase_scope;missing_annotator;not_adjudicated;not_primary_experiment;review_sample_conditions_must_be_json_object
phase_annotation_cc2ab5fa64cc5eef8362,doi:10.1038/s41467-023-37560-3,invalid_or_unresolved_phase_label;invalid_or_unresolved_phase_scope;missing_annotator;not_adjudicated;not_primary_experiment;review_sample_conditions_must_be_json_object
phase_annotation_cc527994539ec4b54422,doi:10.1038/s41467-023-37560-3,invalid_or_unresolved_phase_label;invalid_or_unresolved_phase_scope;missing_annotator;not_adjudicated;not_primary_experiment;review_sample_conditions_must_be_json_object
phase_annotation_d0863938ab89848f0912,paper:paper_c5240b0067c46ee6,invalid_or_unresolved_phase_label;invalid_or_unresolved_phase_scope;missing_annotator;not_adjudicated;not_primary_experiment;review_sample_conditions_must_be_json_object
phase_annotation_d25d46cb9dacf45d1f18,doi:10.1002/aelm.202400085,invalid_or_unresolved_phase_label;invalid_or_unresolved_phase_scope;missing_annotator;not_adjudicated;not_primary_experiment;review_sample_conditions_must_be_json_object
phase_annotation_d49701ca2ed0c7f20aff,doi:10.1038/s41467-023-37560-3,invalid_or_unresolved_phase_label;invalid_or_unresolved_phase_scope;missing_annotator;not_adjudicated;not_primary_experiment;review_sample_conditions_must_be_json_object
phase_annotation_d7194360109e6b58b041,paper:paper_2fe8172862bf0ee9,invalid_or_unresolved_phase_label;invalid_or_unresolved_phase_scope;missing_annotator;not_adjudicated;not_primary_experiment;review_sample_conditions_must_be_json_object
phase_annotation_db6dd170c36897b01ed4,doi:10.1002/advs.202519686,invalid_or_unresolved_phase_label;invalid_or_unresolved_phase_scope;missing_annotator;not_adjudicated;not_primary_experiment;review_sample_conditions_must_be_json_object
phase_annotation_dd2cb67350e7915c3ccd,doi:10.26599/jac.2024.9220916,invalid_or_unresolved_phase_label;invalid_or_unresolved_phase_scope;missing_annotator;not_adjudicated;not_primary_experiment;review_sample_conditions_must_be_json_object
phase_annotation_dd6615f45844ba37c3d6,doi:10.1039/c7tc01200d,invalid_or_unresolved_phase_label;invalid_or_unresolved_phase_scope;missing_annotator;not_adjudicated;not_primary_experiment;review_sample_conditions_must_be_json_object
phase_annotation_ddfb3d98ee92301cc2bb,paper:paper_760465e5c639b5cb,invalid_or_unresolved_phase_label;invalid_or_unresolved_phase_scope;missing_annotator;not_adjudicated;not_primary_experiment;review_sample_conditions_must_be_json_object
phase_annotation_df827cf87fb14730429f,doi:10.1002/adfm.202409095,invalid_or_unresolved_phase_label;invalid_or_unresolved_phase_scope;missing_annotator;not_adjudicated;not_primary_experiment;review_sample_conditions_must_be_json_object
phase_annotation_e041542bbc1728ec78ec,doi:10.1038/s41467-022-28236-5,invalid_or_unresolved_phase_label;invalid_or_unresolved_phase_scope;missing_annotator;not_adjudicated;not_primary_experiment;review_sample_conditions_must_be_json_object
phase_annotation_e07af48028735e29a3ab,doi:10.1063/1.5110894,invalid_or_unresolved_phase_label;invalid_or_unresolved_phase_scope;missing_annotator;not_adjudicated;not_primary_experiment;review_sample_conditions_must_be_json_object
phase_annotation_ed0f25db8135900d90e2,doi:10.1002/aelm.202100420,invalid_or_unresolved_phase_label;invalid_or_unresolved_phase_scope;missing_annotator;not_adjudicated;not_primary_experiment;review_sample_conditions_must_be_json_object
phase_annotation_ed2cad5cd35f35644834,doi:10.1021/acsaelm.9b00256,invalid_or_unresolved_phase_label;invalid_or_unresolved_phase_scope;missing_annotator;not_adjudicated;not_primary_experiment;review_sample_conditions_must_be_json_object
phase_annotation_ee334b2bac851375db8c,paper:paper_1fa60ea6f0cadae2,invalid_or_unresolved_phase_label;invalid_or_unresolved_phase_scope;missing_annotator;not_adjudicated;not_primary_experiment;review_sample_conditions_must_be_json_object
phase_annotation_ee86776edce6540abe19,doi:10.1038/s41467-025-61758-2,invalid_or_unresolved_phase_label;invalid_or_unresolved_phase_scope;missing_annotator;not_adjudicated;not_primary_experiment;review_sample_conditions_must_be_json_object
phase_annotation_f0e4a9216a088c0fe0db,doi:10.1186/s40580-022-00334-6,invalid_or_unresolved_phase_label;invalid_or_unresolved_phase_scope;missing_annotator;not_adjudicated;not_primary_experiment;review_sample_conditions_must_be_json_object
phase_annotation_f2ae89c2f0b39bd81f0a,paper:paper_8a555a6aed5b7034,invalid_or_unresolved_phase_label;invalid_or_unresolved_phase_scope;missing_annotator;not_adjudicated;not_primary_experiment;review_sample_conditions_must_be_json_object
phase_annotation_f44518e3f4afb08333e5,paper:paper_c3d80d8907e5f736,invalid_or_unresolved_phase_label;invalid_or_unresolved_phase_scope;missing_annotator;not_adjudicated;not_primary_experiment;review_sample_conditions_must_be_json_object
phase_annotation_f86cc3c78b28ef42cbbc,paper:paper_9a76a71a497dddcb,invalid_or_unresolved_phase_label;invalid_or_unresolved_phase_scope;missing_annotator;not_adjudicated;not_primary_experiment;review_sample_conditions_must_be_json_object
phase_annotation_fd80a9416dfb53eda2e2,paper:paper_81ab09b2c11913dd,invalid_or_unresolved_phase_label;invalid_or_unresolved_phase_scope;missing_annotator;not_adjudicated;not_primary_experiment;review_sample_conditions_must_be_json_object
phase_annotation_fde6c406db1f6cf62824,doi:10.1038/s41467-026-72969-6,invalid_or_unresolved_phase_label;invalid_or_unresolved_phase_scope;missing_annotator;not_adjudicated;not_primary_experiment;review_sample_conditions_must_be_json_object
phase_annotation_fff91b4a28402e84b62a,paper:paper_bd889adcf9e1a14d,invalid_or_unresolved_phase_label;invalid_or_unresolved_phase_scope;missing_annotator;not_adjudicated;not_primary_experiment;review_sample_conditions_must_be_json_object
phase_annotation_514950a856e5de6611d7,doi:10.1039/d2tc00996j,invalid_or_unresolved_phase_label;invalid_or_unresolved_phase_scope;missing_annotator;not_adjudicated;not_primary_experiment;review_sample_conditions_must_be_json_object
phase_annotation_43575102e2d7b00c3bd6,doi:10.1186/s40580-022-00334-6,invalid_or_unresolved_phase_label;invalid_or_unresolved_phase_scope;missing_annotator;not_adjudicated;not_primary_experiment;review_sample_conditions_must_be_json_object
phase_annotation_5f9ef215adf103521707,doi:10.1002/advs.202519686,invalid_or_unresolved_phase_label;invalid_or_unresolved_phase_scope;missing_annotator;not_adjudicated;not_primary_experiment;review_sample_conditions_must_be_json_object
phase_annotation_a8eb1db9f86520a09d37,doi:10.1088/1361-6528/ac4679,invalid_or_unresolved_phase_label;invalid_or_unresolved_phase_scope;missing_annotator;not_adjudicated;not_primary_experiment;review_sample_conditions_must_be_json_object
phase_annotation_fd9c14342ad170091893,doi:10.1038/s41467-026-69634-3,invalid_or_unresolved_phase_label;invalid_or_unresolved_phase_scope;missing_annotator;not_adjudicated;not_primary_experiment;review_sample_conditions_must_be_json_object
phase_annotation_09f114011b2b5a2554b5,doi:10.1186/s40580-025-00505-1,invalid_or_unresolved_phase_label;invalid_or_unresolved_phase_scope;missing_annotator;not_adjudicated;not_primary_experiment;review_sample_conditions_must_be_json_object
phase_annotation_2bca270fa005e3a8ea8a,doi:10.1038/s41598-025-02281-8,invalid_or_unresolved_phase_label;invalid_or_unresolved_phase_scope;missing_annotator;not_adjudicated;not_primary_experiment;review_sample_conditions_must_be_json_object
phase_annotation_3b84848924953f7933ab,doi:10.1002/aelm.202300522,invalid_or_unresolved_phase_label;invalid_or_unresolved_phase_scope;missing_annotator;not_adjudicated;not_primary_experiment;review_sample_conditions_must_be_json_object
phase_annotation_3c5ca3f6997943a04c6d,doi:10.1021/acsaelm.1c00110,invalid_or_unresolved_phase_label;invalid_or_unresolved_phase_scope;missing_annotator;not_adjudicated;not_primary_experiment;review_sample_conditions_must_be_json_object
phase_annotation_3d0fc67d9ec25e45fae5,paper:paper_2fe8172862bf0ee9,invalid_or_unresolved_phase_label;invalid_or_unresolved_phase_scope;missing_annotator;not_adjudicated;not_primary_experiment;review_sample_conditions_must_be_json_object
phase_annotation_421ffb4c04b96549defb,doi:10.1038/s41598-025-02281-8,invalid_or_unresolved_phase_label;invalid_or_unresolved_phase_scope;missing_annotator;not_adjudicated;not_primary_experiment;review_sample_conditions_must_be_json_object
phase_annotation_435547a92972e842dfe7,doi:10.1002/aelm.202300522,invalid_or_unresolved_phase_label;invalid_or_unresolved_phase_scope;missing_annotator;not_adjudicated;not_primary_experiment;review_sample_conditions_must_be_json_object
phase_annotation_564205dc33e76d09fadf,paper:paper_9a76a71a497dddcb,invalid_or_unresolved_phase_label;invalid_or_unresolved_phase_scope;missing_annotator;not_adjudicated;not_primary_experiment;review_sample_conditions_must_be_json_object
phase_annotation_57b733b0bfd481b5474d,paper:paper_1fa60ea6f0cadae2,invalid_or_unresolved_phase_label;invalid_or_unresolved_phase_scope;missing_annotator;not_adjudicated;not_primary_experiment;review_sample_conditions_must_be_json_object
phase_annotation_628249cea920e6340509,paper:paper_9a76a71a497dddcb,invalid_or_unresolved_phase_label;invalid_or_unresolved_phase_scope;missing_annotator;not_adjudicated;not_primary_experiment;review_sample_conditions_must_be_json_object
phase_annotation_6667be3b8226a87892ac,doi:10.1039/d5lf00360a,invalid_or_unresolved_phase_label;invalid_or_unresolved_phase_scope;missing_annotator;not_adjudicated;not_primary_experiment;review_sample_conditions_must_be_json_object
phase_annotation_67130bd7fef18266bee2,paper:paper_9a76a71a497dddcb,invalid_or_unresolved_phase_label;invalid_or_unresolved_phase_scope;missing_annotator;not_adjudicated;not_primary_experiment;review_sample_conditions_must_be_json_object
phase_annotation_7e7b176fcdb86d9dad83,paper:paper_9a76a71a497dddcb,invalid_or_unresolved_phase_label;invalid_or_unresolved_phase_scope;missing_annotator;not_adjudicated;not_primary_experiment;review_sample_conditions_must_be_json_object
phase_annotation_85e58d0bf835d88839bb,paper:paper_9a76a71a497dddcb,invalid_or_unresolved_phase_label;invalid_or_unresolved_phase_scope;missing_annotator;not_adjudicated;not_primary_experiment;review_sample_conditions_must_be_json_object
phase_annotation_8964c99c8d2536110468,doi:10.1002/aelm.202300522,invalid_or_unresolved_phase_label;invalid_or_unresolved_phase_scope;missing_annotator;not_adjudicated;not_primary_experiment;review_sample_conditions_must_be_json_object
phase_annotation_8a3c9af354df8978b871,doi:10.3390/mi17010108,invalid_or_unresolved_phase_label;invalid_or_unresolved_phase_scope;missing_annotator;not_adjudicated;not_primary_experiment;review_sample_conditions_must_be_json_object
phase_annotation_8bcaada37777eac0ed69,doi:10.1002/pssr.202100589,invalid_or_unresolved_phase_label;invalid_or_unresolved_phase_scope;missing_annotator;not_adjudicated;not_primary_experiment;review_sample_conditions_must_be_json_object
phase_annotation_910305c461e971e8e927,doi:10.1016/j.apmt.2022.101394,invalid_or_unresolved_phase_label;invalid_or_unresolved_phase_scope;missing_annotator;not_adjudicated;not_primary_experiment;review_sample_conditions_must_be_json_object
phase_annotation_99362d32663ac5008ca8,paper:paper_e47f6661c9bb4ce9,invalid_or_unresolved_phase_label;invalid_or_unresolved_phase_scope;missing_annotator;not_adjudicated;not_primary_experiment;review_sample_conditions_must_be_json_object
phase_annotation_9c3f4193654561877112,doi:10.1109/ted.2023.3254509,invalid_or_unresolved_phase_label;invalid_or_unresolved_phase_scope;missing_annotator;not_adjudicated;not_primary_experiment;review_sample_conditions_must_be_json_object
phase_annotation_a56eacb9d7a3c381a84c,paper:paper_e47f6661c9bb4ce9,invalid_or_unresolved_phase_label;invalid_or_unresolved_phase_scope;missing_annotator;not_adjudicated;not_primary_experiment;review_sample_conditions_must_be_json_object
phase_annotation_bb90fd8b6e44f7817cb2,doi:10.1038/s41586-024-07365-5,invalid_or_unresolved_phase_label;invalid_or_unresolved_phase_scope;missing_annotator;not_adjudicated;not_primary_experiment;review_sample_conditions_must_be_json_object
phase_annotation_c3885e8bfaceaa040d4b,doi:10.1021/acsami.1c16873,invalid_or_unresolved_phase_label;invalid_or_unresolved_phase_scope;missing_annotator;not_adjudicated;not_primary_experiment;review_sample_conditions_must_be_json_object
phase_annotation_c7c60057a7a888e2264f,paper:paper_0bc52dfdabdac408,invalid_or_unresolved_phase_label;invalid_or_unresolved_phase_scope;missing_annotator;not_adjudicated;not_primary_experiment;review_sample_conditions_must_be_json_object
phase_annotation_d3154d77738e307d4b72,doi:10.1002/aelm.202300522,invalid_or_unresolved_phase_label;invalid_or_unresolved_phase_scope;missing_annotator;not_adjudicated;not_primary_experiment;review_sample_conditions_must_be_json_object
phase_annotation_da92d521ba94578db1d1,doi:10.1002/adfm.202314396,invalid_or_unresolved_phase_label;invalid_or_unresolved_phase_scope;missing_annotator;not_adjudicated;not_primary_experiment;review_sample_conditions_must_be_json_object
phase_annotation_ebbacdb60c066b2d0854,doi:10.1021/acsaelm.0c00560,invalid_or_unresolved_phase_label;invalid_or_unresolved_phase_scope;missing_annotator;not_adjudicated;not_primary_experiment;review_sample_conditions_must_be_json_object
phase_annotation_f076116ac8074b952dda,doi:10.1016/j.apmt.2022.101587,invalid_or_unresolved_phase_label;invalid_or_unresolved_phase_scope;missing_annotator;not_adjudicated;not_primary_experiment;review_sample_conditions_must_be_json_object
phase_annotation_085bde122e9ecff1cbc8,doi:10.1002/aelm.202500402,invalid_or_unresolved_phase_label;invalid_or_unresolved_phase_scope;missing_annotator;not_adjudicated;not_primary_experiment;review_sample_conditions_must_be_json_object
phase_annotation_0d3c065c4b01a069144a,doi:10.1038/s41467-026-69514-w,invalid_or_unresolved_phase_label;invalid_or_unresolved_phase_scope;missing_annotator;not_adjudicated;not_primary_experiment;review_sample_conditions_must_be_json_object
phase_annotation_206c1a31524e2dd54491,doi:10.1063/5.0172259,invalid_or_unresolved_phase_label;invalid_or_unresolved_phase_scope;missing_annotator;not_adjudicated;not_primary_experiment;review_sample_conditions_must_be_json_object
phase_annotation_596e755f06ea39deb80d,doi:10.1038/s41467-024-47893-2,invalid_or_unresolved_phase_label;invalid_or_unresolved_phase_scope;missing_annotator;not_adjudicated;not_primary_experiment;review_sample_conditions_must_be_json_object
phase_annotation_7989fa2c2d67547508b2,doi:10.1021/acsomega.5c01112,invalid_or_unresolved_phase_label;invalid_or_unresolved_phase_scope;missing_annotator;not_adjudicated;not_primary_experiment;review_sample_conditions_must_be_json_object
phase_annotation_9e95c0a40b427cba73a8,paper:paper_4b4dee9010fe8dfc,invalid_or_unresolved_phase_label;invalid_or_unresolved_phase_scope;missing_annotator;not_adjudicated;not_primary_experiment;review_sample_conditions_must_be_json_object
phase_annotation_a3f28f0d950f97b17d1b,doi:10.1186/s40580-023-00403-4,invalid_or_unresolved_phase_label;invalid_or_unresolved_phase_scope;missing_annotator;not_adjudicated;not_primary_experiment;review_sample_conditions_must_be_json_object
phase_annotation_a5b19d6fd6cd310967f7,paper:paper_41254ec543b15287,invalid_or_unresolved_phase_label;invalid_or_unresolved_phase_scope;missing_annotator;not_adjudicated;not_primary_experiment;review_sample_conditions_must_be_json_object
phase_annotation_b228aa34b5c34bf070e5,doi:10.1038/s41467-026-69514-w,invalid_or_unresolved_phase_label;invalid_or_unresolved_phase_scope;missing_annotator;not_adjudicated;not_primary_experiment;review_sample_conditions_must_be_json_object
phase_annotation_b480810e254acfa45689,doi:10.1063/5.0172259,invalid_or_unresolved_phase_label;invalid_or_unresolved_phase_scope;missing_annotator;not_adjudicated;not_primary_experiment;review_sample_conditions_must_be_json_object
phase_annotation_d3e911ceef1215515d00,doi:10.26599/nr.2026.94908828,invalid_or_unresolved_phase_label;invalid_or_unresolved_phase_scope;missing_annotator;not_adjudicated;not_primary_experiment;review_sample_conditions_must_be_json_object
phase_annotation_d96c94cd50b8b312be44,doi:10.1038/s41467-024-47893-2,invalid_or_unresolved_phase_label;invalid_or_unresolved_phase_scope;missing_annotator;not_adjudicated;not_primary_experiment;review_sample_conditions_must_be_json_object
phase_annotation_d994339d18bb54dce44c,doi:10.1038/s41467-024-47893-2,invalid_or_unresolved_phase_label;invalid_or_unresolved_phase_scope;missing_annotator;not_adjudicated;not_primary_experiment;review_sample_conditions_must_be_json_object
phase_annotation_e7ce36f3f52aa2ce89ba,doi:10.1002/aelm.202500402,invalid_or_unresolved_phase_label;invalid_or_unresolved_phase_scope;missing_annotator;not_adjudicated;not_primary_experiment;review_sample_conditions_must_be_json_object
phase_annotation_13eb72630cfdcdca9fa4,doi:10.1038/s41467-025-59519-2,invalid_or_unresolved_phase_label;invalid_or_unresolved_phase_scope;missing_annotator;not_adjudicated;not_primary_experiment;review_sample_conditions_must_be_json_object
phase_annotation_192a13d9d2161ed90206,doi:10.1039/d5na00659g,invalid_or_unresolved_phase_label;invalid_or_unresolved_phase_scope;missing_annotator;not_adjudicated;not_primary_experiment;review_sample_conditions_must_be_json_object
